PlotNo,Month,Taxon,cover
BC01,March,Achillea millefolium,5
BC01,March,Agrostis capillaris,40
BC01,March,Bellis perennis,5.5
BC01,March,Cerastium holosteoides,0.01
BC01,March,Crepis capillaris,0.5
BC01,March,Festuca ovina,7
BC01,March,Festuca rubra,15
BC01,March,Geranium molle,0.4
BC01,March,Holcus lanatus,5
BC01,March,Hypericum perforatum,0
BC01,March,Hypochaeris radicata,1.5
BC01,March,Pilosella officinarum,7.2
BC01,March,Plantago lanceolata,6
BC01,March,Poa compressa,0.6
BC01,March,Potentilla argentea,0
BC01,March,Rumex acetosa,8
BC01,March,Trifolium dubium,1
BC01,March,Trifolium pratensis,1
BC01,March,Trifolium repens,10
BC01,March,Veronica arvensis,0
BC01,March,Vicia lathyroides,0
BC01,May,Achillea millefolium,15
BC01,May,Agrostis capillaris,37
BC01,May,Arenaria serpyllifolia,0
BC01,May,Bellis perennis,6
BC01,May,Bromus mollis,5
BC01,May,Carex hirta,4
BC01,May,Cerastium holosteoides,0.5
BC01,May,Cerastium semidecandrum,0
BC01,May,Crepis capillaris,2
BC01,May,Festuca ovina,10
BC01,May,Festuca rubra,20
BC01,May,Geranium molle,3
BC01,May,Holcus lanatus,17
BC01,May,Hypericum perforatum,0
BC01,May,Hypochaeris radicata,6
BC01,May,Myosotis,0
BC01,May,Pilosella officinarum,10
BC01,May,Plantago lanceolata,9
BC01,May,Poa compressa,3
BC01,May,Potentilla argentea,0
BC01,May,Rumex acetosa,25
BC01,May,Trifolium dubium,8
BC01,May,Trifolium pratensis,5
BC01,May,Trifolium repens,20
BC01,May,Veronica arvensis,0.001
BC01,May,Vicia lathyroides,1
BC01,July,Achillea millefolium,15
BC01,July,Agrostis capillaris,60
BC01,July,Bellis perennis,0.5
BC01,July,Berteroa incana,0
BC01,July,Carex hirta,1.5
BC01,July,Crepis capillaris,0.5
BC01,July,Festuca ovina,3
BC01,July,Festuca rubra,15
BC01,July,Geranium molle,0.8
BC01,July,Holcus lanatus,7
BC01,July,Hypericum perforatum,0
BC01,July,Hypochaeris radicata,4
BC01,July,Pilosella officinarum,15
BC01,July,Plantago lanceolata,8
BC01,July,Poa compressa,2.1
BC01,July,Potentilla argentea,0
BC01,July,Potentilla reptans,0
BC01,July,Robinia pseudoacacia,5
BC01,July,Rumex acetosa,25.1
BC01,July,Trifolium pratensis,8
BC01,July,Trifolium repens,4
BC01,July,Vicia lathyroides,0.01
BC01,September,Achillea millefolium,17
BC01,September,Agrostis capillaris,55
BC01,September,Arenaria serpyllifolia,0.01
BC01,September,Bellis perennis,5
BC01,September,Bromus mollis,0.5
BC01,September,Carex hirta,5
BC01,September,Crepis capillaris,0.6
BC01,September,Festuca ovina,5
BC01,September,Festuca rubra,30
BC01,September,Geranium molle,10
BC01,September,Holcus lanatus,11
BC01,September,Hypericum perforatum,0
BC01,September,Hypochaeris radicata,6
BC01,September,Pilosella officinarum,9
BC01,September,Plantago lanceolata,13
BC01,September,Poa compressa,5.1
BC01,September,Potentilla argentea,0
BC01,September,Potentilla reptans,0
BC01,September,Robinia pseudoacacia,0
BC01,September,Rumex acetosa,18
BC01,September,Rumex acetosella,0
BC01,September,Stellaria media,0.5
BC01,September,Trifolium dubium,6
BC01,September,Trifolium pratensis,3
BC01,September,Trifolium repens,7
BC01,September,Vicia lathyroides,1.1
BC02,March,Achillea millefolium,4
BC02,March,Arenaria serpyllifolia,0.5
BC02,March,Artemisia absinthium,0.11
BC02,March,Bellis perennis,0.1
BC02,March,Berteroa incana,0.7999999999999999
BC02,March,Bromus sterilis,0.01
BC02,March,Cardamine hirsuta,0.51
BC02,March,Carex hirta,0.2
BC02,March,Cerastium,0
BC02,March,Cerastium semidecandrum,1.1
BC02,March,Crepis capillaris,0.01
BC02,March,Dactylis glomerata,0
BC02,March,Daucus carota,0.30000000000000004
BC02,March,Draba verna,0
BC02,March,Echium vulgare,0.01
BC02,March,Erodium cicutarium,0.8
BC02,March,Festuca rubra,5
BC02,March,Geranium molle,13
BC02,March,Hypericum perforatum,0
BC02,March,Lamium purpureum,0
BC02,March,Medicago sativa,1
BC02,March,Melandrium album,0
BC02,March,Plantago lanceolata,3.2
BC02,March,Poa pratensis,5.2
BC02,March,Potentilla argentea,0.101
BC02,March,Rumex acetosa,10.2
BC02,March,Sedum acre,12
BC02,March,Senecio vulgaris,0.1
BC02,March,Solidago canadensis,2
BC02,March,Stellaria media,0.5
BC02,March,Tanacetum vulgare,1
BC02,March,Taraxacum,0.01
BC02,March,Veronica arvensis,2
BC02,March,Veronica sublobata,0
BC02,March,Vicia sativa,50
BC02,May,Achillea millefolium,7
BC02,May,Arenaria serpyllifolia,5
BC02,May,Artemisia absinthium,3
BC02,May,Berteroa incana,6
BC02,May,Bromus sterilis,0
BC02,May,Carex hirta,1
BC02,May,Cerastium semidecandrum,2
BC02,May,Crepis capillaris,1
BC02,May,Dactylis glomerata,0
BC02,May,Daucus carota,2.5
BC02,May,Echium vulgare,8
BC02,May,Erodium cicutarium,2
BC02,May,Festuca rubra,8
BC02,May,Geranium molle,15
BC02,May,Geum urbanum,0.1
BC02,May,Hypericum perforatum,0
BC02,May,Medicago lupulina,1
BC02,May,Medicago sativa,8
BC02,May,Melandrium album,0
BC02,May,Plantago lanceolata,8
BC02,May,Poa pratensis,1.5
BC02,May,Potentilla argentea,2
BC02,May,Rumex acetosa,17
BC02,May,Sedum acre,20
BC02,May,Senecio vulgaris,0
BC02,May,Solidago canadensis,20
BC02,May,Tanacetum vulgare,5
BC02,May,Taraxacum,2
BC02,May,Trifolium dubium,0
BC02,May,Veronica arvensis,11
BC02,May,Vicia sativa,50
BC02,July,Achillea millefolium,10
BC02,July,Arenaria serpyllifolia,1
BC02,July,Artemisia absinthium,6
BC02,July,Berteroa incana,30
BC02,July,Carex hirta,0.5
BC02,July,Cichorium intybus,0
BC02,July,Crepis capillaris,2
BC02,July,Dactylis glomerata,0
BC02,July,Daucus carota,0.1
BC02,July,Echium vulgare,13
BC02,July,Erodium cicutarium,7
BC02,July,Festuca rubra,4
BC02,July,Geranium molle,1.5
BC02,July,Geum urbanum,0.01
BC02,July,Hypericum perforatum,0
BC02,July,Medicago lupulina,4
BC02,July,Medicago sativa,15
BC02,July,Melandrium album,0
BC02,July,Plantago lanceolata,4
BC02,July,Poa pratensis,3
BC02,July,Potentilla argentea,0
BC02,July,Rumex acetosa,30.5
BC02,July,Sedum acre,16
BC02,July,Solidago canadensis,40
BC02,July,Tanacetum vulgare,3
BC02,July,Vicia sativa,0.8
BC02,September,Achillea millefolium,10
BC02,September,Arenaria serpyllifolia,1.01
BC02,September,Artemisia absinthium,20
BC02,September,Berteroa incana,7
BC02,September,Bromus sterilis,2
BC02,September,Carex hirta,2
BC02,September,Cerastium,0
BC02,September,Cichorium intybus,0
BC02,September,Crepis capillaris,5
BC02,September,Dactylis glomerata,0
BC02,September,Daucus carota,5
BC02,September,Echium vulgare,18
BC02,September,Erodium cicutarium,4
BC02,September,Festuca rubra,4
BC02,September,Geranium molle,1
BC02,September,Geum urbanum,0.01
BC02,September,Hypericum perforatum,0
BC02,September,Lamium purpureum,0
BC02,September,Medicago lupulina,0
BC02,September,Medicago sativa,7
BC02,September,Melandrium album,0
BC02,September,Plantago lanceolata,15
BC02,September,Poa pratensis,6
BC02,September,Potentilla argentea,3
BC02,September,Rumex acetosa,30.5
BC02,September,Sedum acre,13
BC02,September,Setaria viridis,0.1
BC02,September,Solidago canadensis,60
BC02,September,Stellaria media,0
BC02,September,Tanacetum vulgare,2
BC02,September,Taraxacum,3
BC02,September,Trifolium dubium,0
BC02,September,Veronica arvensis,0.51
BC02,September,Vicia lathyroides,1.1
BC02,September,Vicia sativa,15.5
BC03,March,Achillea millefolium,5
BC03,March,Agrostis capillaris,3
BC03,March,Artemisia vulgaris,0.30000000000000004
BC03,March,Bellis perennis,0
BC03,March,Berteroa incana,0.3
BC03,March,Bromus sterilis,12
BC03,March,Cardamine hirsuta,1
BC03,March,Crepis capillaris,0.1
BC03,March,Daucus carota,4
BC03,March,Erodium ciconium,0
BC03,March,Festuca ovina,47
BC03,March,Festuca rubra,3
BC03,March,Geranium molle,2
BC03,March,Hypericum perforatum,0
BC03,March,Hypochaeris radicata,0.5
BC03,March,Lamium purpureum,75
BC03,March,Lolium perenne,21
BC03,March,Medicago lupulina,1
BC03,March,Medicago sativa,6
BC03,March,Melandrium album,0
BC03,March,Myosotis ramosissima,0.01
BC03,March,Plantago lanceolata,5.3
BC03,March,Poa pratensis,0
BC03,March,Potentilla argentea,0.5
BC03,March,Potentilla reptans,1.1
BC03,March,Scilla bifolia,1
BC03,March,Stellaria media,5.8
BC03,March,Taraxacum,2.2
BC03,March,Trifolium dubium,0.01
BC03,March,Trifolium pratensis,0
BC03,March,Valerianella locusta,2
BC03,March,Verbascum lychnitis,0
BC03,March,Veronica persica,5
BC03,March,Vicia sativa,2.5
BC03,May,Achillea millefolium,7
BC03,May,Agrostis capillaris,27
BC03,May,Arenaria serpyllifolia,0.1
BC03,May,Artemisia vulgaris,4
BC03,May,Berteroa incana,4
BC03,May,Bromus sterilis,38
BC03,May,Cerastium semidecandrum,0
BC03,May,Crepis capillaris,0.01
BC03,May,Daucus carota,12
BC03,May,Diplotaxis tenuifolia,1
BC03,May,Echium vulgare,0
BC03,May,Elymus repens,1
BC03,May,Erodium ciconium,0
BC03,May,Festuca ovina,15
BC03,May,Festuca rubra,32
BC03,May,Geranium molle,4
BC03,May,Hypericum perforatum,0.5
BC03,May,Hypochaeris radicata,1.5
BC03,May,Leucanthemum vulgare,0
BC03,May,Lolium perenne,5
BC03,May,Medicago lupulina,1
BC03,May,Medicago sativa,55
BC03,May,Melandrium album,0
BC03,May,Myosotis ramosissima,0
BC03,May,Plantago lanceolata,8
BC03,May,Poa pratensis,0.5
BC03,May,Potentilla argentea,1
BC03,May,Potentilla reptans,8
BC03,May,Potentilla tabernaemontani,0
BC03,May,Taraxacum,4
BC03,May,Trifolium dubium,0
BC03,May,Trifolium pratensis,0
BC03,May,Trifolium repens,1
BC03,May,Verbascum lychnitis,0
BC03,May,Veronica arvensis,0.11
BC03,May,Veronica persica,0.1
BC03,May,Vicia sativa,10
BC03,July,Achillea millefolium,1
BC03,July,Agrostis capillaris,30
BC03,July,Artemisia vulgaris,3.01
BC03,July,Berteroa incana,20
BC03,July,Bromus sterilis,0.21000000000000002
BC03,July,Daucus carota,7
BC03,July,Diplotaxis tenuifolia,2
BC03,July,Echium vulgare,0.5
BC03,July,Elymus repens,15
BC03,July,Erodium ciconium,0.5
BC03,July,Erodium cicutarium,0.01
BC03,July,Festuca ovina,8
BC03,July,Festuca rubra,31
BC03,July,Geranium molle,1.1
BC03,July,Hypericum perforatum,0
BC03,July,Hypochaeris radicata,0.01
BC03,July,Lamium purpureum,0.1
BC03,July,Lolium perenne,2
BC03,July,Medicago sativa,55
BC03,July,Melandrium album,0
BC03,July,Plantago lanceolata,6
BC03,July,Potentilla argentea,3
BC03,July,Potentilla reptans,8
BC03,July,Potentilla tabernaemontani,0
BC03,July,Stellaria media,0.01
BC03,July,Taraxacum,7
BC03,July,Trifolium repens,1
BC03,July,Verbascum lychnitis,0
BC03,July,Veronica arvensis,0.1
BC03,July,Vicia sativa,0.7
BC03,September,Achillea millefolium,3
BC03,September,Agrostis capillaris,30
BC03,September,Arenaria serpyllifolia,0.1
BC03,September,Artemisia vulgaris,1
BC03,September,Berteroa incana,9
BC03,September,Bromus sterilis,3
BC03,September,Daucus carota,1.5
BC03,September,Diplotaxis tenuifolia,3
BC03,September,Echium vulgare,0
BC03,September,Elymus repens,2
BC03,September,Erodium ciconium,0
BC03,September,Erodium cicutarium,0.1
BC03,September,Festuca arundinacea,0
BC03,September,Festuca ovina,9
BC03,September,Festuca rubra,30
BC03,September,Geranium molle,5
BC03,September,Hypericum perforatum,0
BC03,September,Hypochaeris radicata,0.1
BC03,September,Lamium purpureum,12
BC03,September,Lolium perenne,5
BC03,September,Medicago sativa,45
BC03,September,Melandrium album,0
BC03,September,Plantago lanceolata,5
BC03,September,Poa pratensis,0.1
BC03,September,Potentilla argentea,3
BC03,September,Potentilla reptans,6
BC03,September,Potentilla tabernaemontani,0
BC03,September,Stellaria media,2.5
BC03,September,Taraxacum,16
BC03,September,Trifolium repens,1
BC03,September,Veronica arvensis,0.5
BC03,September,Vicia sativa,4.5
BC04,March,Acer,0
BC04,March,Achillea millefolium,14
BC04,March,Agrostis capillaris,0.1
BC04,March,Bellis perennis,1
BC04,March,Cerastium holosteoides,0.1
BC04,March,Dactylis glomerata,0.5
BC04,March,Draba verna,0.1
BC04,March,Festuca arundinacea,8
BC04,March,Festuca ovina,2
BC04,March,Festuca rubra,30
BC04,March,Galium verum,0
BC04,March,Geranium molle,0.55
BC04,March,Hypericum perforatum,0.01
BC04,March,Hypochaeris radicata,9
BC04,March,Leontodon hispidus,0
BC04,March,Lolium perenne,7
BC04,March,Lotus corniculatus,0
BC04,March,Luzula campestris,0.30000000000000004
BC04,March,Medicago lupulina,0.6
BC04,March,Medicago sativa,0.2
BC04,March,Myosotis,0.1
BC04,March,Pilosella officinarum,0.05
BC04,March,Plantago lanceolata,6
BC04,March,Plantago media,0
BC04,March,Poa pratensis,3
BC04,March,Potentilla argentea,0
BC04,March,Rumex acetosa,1.3
BC04,March,Sedum acre,0.2
BC04,March,Tanacetum vulgare,0
BC04,March,Taraxacum,3.05
BC04,March,Trifolium pratensis,5.1
BC04,March,Trifolium repens,22
BC04,March,Veronica arvensis,0.01
BC04,March,Vicia cracca,0.4
BC04,March,Vicia lathyroides,0.5
BC04,May,Acer,0.1
BC04,May,Achillea millefolium,30
BC04,May,Agrostis capillaris,2
BC04,May,Anchusa officinalis,0.5
BC04,May,Arenaria serpyllifolia,0.01
BC04,May,Bellis perennis,4
BC04,May,Carex hirta,0.5
BC04,May,Carex muricata,1
BC04,May,Centaurea jacea,0.01
BC04,May,Cerastium holosteoides,0.5
BC04,May,Cerastium semidecandrum,0.011
BC04,May,Dactylis glomerata,2
BC04,May,Erigeron annuus,0
BC04,May,Festuca arundinacea,8
BC04,May,Festuca ovina,6
BC04,May,Festuca rubra,15
BC04,May,Galium verum,0
BC04,May,Geranium molle,3
BC04,May,Hypericum perforatum,0.3
BC04,May,Hypochaeris radicata,20
BC04,May,Lolium perenne,1.6
BC04,May,Lotus corniculatus,0
BC04,May,Luzula campestris,0.7
BC04,May,Medicago lupulina,10.2
BC04,May,Medicago sativa,6
BC04,May,Pilosella officinarum,0.501
BC04,May,Plantago lanceolata,17
BC04,May,Plantago media,0
BC04,May,Poa pratensis,0.6
BC04,May,Potentilla argentea,0
BC04,May,Potentilla tabernaemontani,0
BC04,May,Rumex acetosa,1.5
BC04,May,Sedum acre,1
BC04,May,Tanacetum vulgare,0
BC04,May,Taraxacum,7
BC04,May,Trifolium dubium,0.6
BC04,May,Trifolium pratensis,5.01
BC04,May,Trifolium repens,23
BC04,May,Valerianella locusta,0.001
BC04,May,Veronica arvensis,0.02
BC04,May,Vicia cracca,1.5
BC04,May,Vicia lathyroides,4
BC04,May,Vicia sativa,1.5
BC04,July,Acer,0.01
BC04,July,Achillea millefolium,45
BC04,July,Agrimonia eupatoria,0
BC04,July,Anchusa officinalis,1
BC04,July,Bellis perennis,3.5
BC04,July,Carex hirta,3
BC04,July,Carex muricata,0.5
BC04,July,Centaurea jacea,2
BC04,July,Crepis capillaris,0.5
BC04,July,Dactylis glomerata,2
BC04,July,Erigeron annuus,0
BC04,July,Festuca arundinacea,7
BC04,July,Festuca ovina,7
BC04,July,Festuca rubra,24
BC04,July,Galium verum,0
BC04,July,Geranium molle,0.5
BC04,July,Hypericum perforatum,1
BC04,July,Hypochaeris radicata,13
BC04,July,Lolium perenne,0.1
BC04,July,Lotus corniculatus,0
BC04,July,Luzula campestris,0.5
BC04,July,Medicago lupulina,10
BC04,July,Medicago sativa,13
BC04,July,Oxalis corniculata,0.01
BC04,July,Plantago lanceolata,18
BC04,July,Plantago media,0
BC04,July,Poa pratensis,0.5
BC04,July,Potentilla argentea,0
BC04,July,Rumex acetosa,4
BC04,July,Sedum acre,2
BC04,July,Tanacetum vulgare,0
BC04,July,Taraxacum,10
BC04,July,Trifolium pratensis,4
BC04,July,Trifolium repens,13
BC04,July,Vicia cracca,0.01
BC04,July,Vicia sativa,0.01
BC04,September,Acer,0.2
BC04,September,Achillea millefolium,45
BC04,September,Agrostis capillaris,3
BC04,September,Anchusa officinalis,0.5
BC04,September,Arenaria serpyllifolia,0.1
BC04,September,Bellis perennis,4
BC04,September,Carex hirta,1
BC04,September,Carex muricata,2
BC04,September,Centaurea jacea,0.5
BC04,September,Crepis capillaris,0.1
BC04,September,Dactylis glomerata,1
BC04,September,Festuca arundinacea,7
BC04,September,Festuca ovina,9
BC04,September,Festuca rubra,22
BC04,September,Geranium molle,0.7
BC04,September,Hypericum perforatum,1
BC04,September,Hypochaeris radicata,21
BC04,September,Lolium perenne,2
BC04,September,Lotus corniculatus,0
BC04,September,Luzula campestris,1
BC04,September,Medicago lupulina,2.2
BC04,September,Medicago sativa,7
BC04,September,Pilosella officinarum,2
BC04,September,Plantago lanceolata,13
BC04,September,Plantago media,0
BC04,September,Poa pratensis,0.5
BC04,September,Potentilla argentea,0
BC04,September,Rumex acetosa,2
BC04,September,Sedum acre,2
BC04,September,Tanacetum vulgare,0
BC04,September,Taraxacum,23
BC04,September,Trifolium dubium,0.51
BC04,September,Trifolium pratensis,11
BC04,September,Trifolium repens,4
BC04,September,Vicia lathyroides,0.5
BC04,September,Vicia sativa,1.1
BC05,March,Acer,0.01
BC05,March,Achillea millefolium,2.5
BC05,March,Agrostis capillaris,55
BC05,March,Arenaria serpyllifolia,0.01
BC05,March,Bellis perennis,0.2
BC05,March,Bromus sterilis,0
BC05,March,Carduus,2
BC05,March,Centaurea jacea,1
BC05,March,Centaurea stoebe,6
BC05,March,Cerastium glomeratum,0.1
BC05,March,Cerastium semidecandrum,0.5
BC05,March,Crepis capillaris,0.01
BC05,March,Daucus carota,3
BC05,March,Echium vulgare,0.5
BC05,March,Festuca arundinacea,0
BC05,March,Festuca ovina,0.5
BC05,March,Festuca rubra,25
BC05,March,Galanthus nivalis,0.001
BC05,March,Geranium molle,1
BC05,March,Helichrysum arenarium,0.01
BC05,March,Hypericum perforatum,0.1
BC05,March,Hypochaeris radicata,0.2
BC05,March,Jacobaea vulgaris,0.5
BC05,March,Jasione montana,0
BC05,March,Knautia arvense,0.1
BC05,March,Lamium purpureum,0.01
BC05,March,Leucanthemum vulgare,6
BC05,March,Luzula campestris,2
BC05,March,Phleum phleoides,0.2
BC05,March,Plantae (rosette),0
BC05,March,Plantago lanceolata,3
BC05,March,Poa pratensis,0
BC05,March,Potentilla argentea,0.5
BC05,March,Prunella vulgaris,0
BC05,March,Rumex acetosa,1
BC05,March,Rumex acetosella,1
BC05,March,Salvia pratensis,0.2
BC05,March,Sedum acre,1
BC05,March,Trifolium dubium,18
BC05,March,Trifolium pratensis,18
BC05,March,Veronica arvensis,0.01
BC05,March,Veronica chamaedrys,0.01
BC05,March,Vicia hirsuta,0.2
BC05,May,Acer,0.5
BC05,May,Achillea millefolium,15
BC05,May,Agrostis capillaris,55
BC05,May,Arenaria serpyllifolia,0.1
BC05,May,Bellis perennis,1
BC05,May,Bromus mollis,0.1
BC05,May,Bromus sterilis,0.5
BC05,May,Carduus,5
BC05,May,Centaurea cyanus,1
BC05,May,Centaurea jacea,8
BC05,May,Centaurea stoebe,11
BC05,May,Cerastium glomeratum,0.30000000000000004
BC05,May,Cerastium semidecandrum,0.5
BC05,May,Convolvulus arvensis,0
BC05,May,Crepis capillaris,0.1
BC05,May,Daucus carota,6
BC05,May,Echium vulgare,4
BC05,May,Festuca ovina,0.1
BC05,May,Festuca rubra,25
BC05,May,Geranium molle,1
BC05,May,Helichrysum arenarium,0
BC05,May,Holcus lanatus,0.1
BC05,May,Hypericum perforatum,2.5
BC05,May,Hypochaeris radicata,2.3
BC05,May,Jacobaea vulgaris,3
BC05,May,Jasione montana,0
BC05,May,Knautia arvense,0
BC05,May,Leucanthemum vulgare,12
BC05,May,Luzula campestris,3
BC05,May,Malva alcea,0
BC05,May,Medicago sativa,0
BC05,May,Phleum phleoides,1
BC05,May,Plantago lanceolata,11
BC05,May,Poa pratensis,1
BC05,May,Potentilla argentea,6
BC05,May,Prunella vulgaris,0
BC05,May,Prunus,0.01
BC05,May,Rumex acetosa,3
BC05,May,Rumex acetosella,7.3
BC05,May,Salvia pratensis,1
BC05,May,Sedum acre,1.2
BC05,May,Trifolium arvense,6
BC05,May,Trifolium campestre,3
BC05,May,Trifolium dubium,27
BC05,May,Trifolium incarnatum,28
BC05,May,Trifolium pratensis,16
BC05,May,Trifolium repens,2
BC05,May,Veronica arvensis,0.30000000000000004
BC05,May,Veronica chamaedrys,0.1
BC05,May,Veronica serpyllifolia,0
BC05,May,Vicia hirsuta,4
BC05,July,Achillea millefolium,18
BC05,July,Agrostis capillaris,70
BC05,July,Carduus,2
BC05,July,Centaurea jacea,4
BC05,July,Centaurea stoebe,16
BC05,July,Cichorium intybus,0
BC05,July,Convolvulus arvensis,0
BC05,July,Crepis capillaris,0
BC05,July,Daucus carota,3
BC05,July,Echium vulgare,3
BC05,July,Festuca ovina,1
BC05,July,Festuca rubra,15
BC05,July,Helichrysum arenarium,0
BC05,July,Hypericum perforatum,2.5
BC05,July,Hypochaeris radicata,0.6
BC05,July,Jacobaea vulgaris,0.5
BC05,July,Jasione montana,0
BC05,July,Knautia arvense,0
BC05,July,Leucanthemum vulgare,16
BC05,July,Luzula campestris,3
BC05,July,Malva alcea,0.2
BC05,July,Medicago sativa,0
BC05,July,Phleum phleoides,0.5
BC05,July,Plantago lanceolata,12
BC05,July,Poa pratensis,0.2
BC05,July,Potentilla argentea,2.5
BC05,July,Rumex acetosa,2.5
BC05,July,Rumex acetosella,1
BC05,July,Salvia pratensis,0.4
BC05,July,Sedum acre,3.3
BC05,July,Trifolium arvense,4
BC05,July,Trifolium pratensis,11
BC05,July,Trifolium repens,1
BC05,July,Vicia hirsuta,0.01
BC05,September,Achillea millefolium,22
BC05,September,Agrostis capillaris,70
BC05,September,Arenaria serpyllifolia,0.001
BC05,September,Carduus,3
BC05,September,Centaurea jacea,9
BC05,September,Centaurea stoebe,9
BC05,September,Cichorium intybus,0
BC05,September,Convolvulus arvensis,0
BC05,September,Crepis capillaris,0
BC05,September,Echium vulgare,1.2
BC05,September,Festuca ovina,1
BC05,September,Festuca rubra,18
BC05,September,Geranium molle,0.6
BC05,September,Helichrysum arenarium,0
BC05,September,Hypericum perforatum,8
BC05,September,Hypochaeris radicata,2.1
BC05,September,Jacobaea vulgaris,2
BC05,September,Jasione montana,0
BC05,September,Knautia arvense,0
BC05,September,Leontodon hispidus,0
BC05,September,Leucanthemum vulgare,12
BC05,September,Luzula campestris,0.1
BC05,September,Malva alcea,0.1
BC05,September,Medicago sativa,0
BC05,September,Phleum phleoides,1
BC05,September,Plantago lanceolata,14
BC05,September,Poa pratensis,1.5
BC05,September,Potentilla argentea,2.2
BC05,September,Rumex acetosa,4
BC05,September,Rumex acetosella,4
BC05,September,Salvia pratensis,3.5
BC05,September,Sedum acre,3.2
BC05,September,Trifolium arvense,2.1
BC05,September,Trifolium dubium,0.2
BC05,September,Trifolium incarnatum,8
BC05,September,Trifolium pratensis,10
BC05,September,Trifolium repens,1
BC05,September,Veronica arvensis,0.001
BC05,September,Veronica serpyllifolia,0
BC05,September,Vicia hirsuta,1.5
BC06,March,Achillea millefolium,0.1
BC06,March,Agrostis capillaris,2
BC06,March,Arenaria serpyllifolia,0.01
BC06,March,Asteracea,0.5
BC06,March,Bellis perennis,0.5
BC06,March,Cardamine hirsuta,0.1
BC06,March,Cerastium glutinosum,0.51
BC06,March,Cerastium holosteoides,1
BC06,March,Crepis capillaris,0.01
BC06,March,Dactylis glomerata,6
BC06,March,Elymus repens,6
BC06,March,Erigeron annuus,0.5
BC06,March,Festuca ovina,5
BC06,March,Festuca rubra,20
BC06,March,Geranium molle,10
BC06,March,Hypochaeris radicata,0.2
BC06,March,Medicago lupulina,1
BC06,March,Plantago lanceolata,27
BC06,March,Plantago media,10
BC06,March,Poa bulbosa,0.5
BC06,March,Poa pratensis,4
BC06,March,Potentilla argentea,0
BC06,March,Potentilla reptans,2.5
BC06,March,Securigera varia,0
BC06,March,Taraxacum,0.5
BC06,March,Trifolium dubium,0.2
BC06,March,Trifolium pratensis,3.1
BC06,March,Trifolium repens,4
BC06,March,Veronica arvensis,0.11
BC06,March,Vicia sativa,0.4
BC06,May,Achillea millefolium,0.5
BC06,May,Agrostis capillaris,3
BC06,May,Arenaria serpyllifolia,0.11
BC06,May,Arrhenatherum elatius,2
BC06,May,Astragalus glycyphyllos,5.5
BC06,May,Bellis perennis,0.1
BC06,May,Cerastium glutinosum,1.1
BC06,May,Cerastium holosteoides,0.5
BC06,May,Convolvulus arvensis,0.9
BC06,May,Dactylis glomerata,6
BC06,May,Echium vulgare,0
BC06,May,Elymus repens,7
BC06,May,Festuca ovina,15
BC06,May,Festuca rubra,25
BC06,May,Geranium molle,4
BC06,May,Hypochaeris radicata,1
BC06,May,Lolium perenne,3.5
BC06,May,Medicago lupulina,2
BC06,May,Plantago lanceolata,21
BC06,May,Plantago media,25
BC06,May,Poa pratensis,11
BC06,May,Potentilla argentea,0
BC06,May,Potentilla reptans,6
BC06,May,Prunus spinosa,0
BC06,May,Rubus,0
BC06,May,Securigera varia,0
BC06,May,Taraxacum,3
BC06,May,Trifolium dubium,2
BC06,May,Trifolium pratensis,3
BC06,May,Trifolium repens,0.6
BC06,May,Veronica arvensis,0.2
BC06,May,Vicia sativa,6
BC06,July,Achillea millefolium,5
BC06,July,Agrostis capillaris,11
BC06,July,Arenaria serpyllifolia,0.6
BC06,July,Arrhenatherum elatius,0
BC06,July,Astragalus glycyphyllos,2
BC06,July,Bellis perennis,0.1
BC06,July,Convolvulus arvensis,6
BC06,July,Crepis capillaris,0.01
BC06,July,Dactylis glomerata,19
BC06,July,Echium vulgare,0
BC06,July,Elymus repens,3
BC06,July,Festuca ovina,5
BC06,July,Festuca rubra,55
BC06,July,Geranium molle,3
BC06,July,Hypochaeris radicata,2
BC06,July,Lolium perenne,8
BC06,July,Medicago lupulina,1
BC06,July,Plantago lanceolata,22
BC06,July,Plantago media,32
BC06,July,Poa pratensis,2
BC06,July,Potentilla reptans,16
BC06,July,Prunus,0
BC06,July,Rumex acetosa,0
BC06,July,Securigera varia,0
BC06,July,Setaria viridis,0
BC06,July,Taraxacum,1
BC06,July,Trifolium dubium,0.1
BC06,July,Trifolium pratensis,0.6
BC06,July,Trifolium repens,1
BC06,July,Veronica arvensis,0.1
BC06,September,Achillea millefolium,4
BC06,September,Agrostis capillaris,15
BC06,September,Arenaria serpyllifolia,3.2
BC06,September,Arrhenatherum elatius,3
BC06,September,Astragalus glycyphyllos,3
BC06,September,Bellis perennis,2
BC06,September,Cerastium glutinosum,0.02
BC06,September,Convolvulus arvensis,2.5
BC06,September,Crepis capillaris,1
BC06,September,Dactylis glomerata,13
BC06,September,Echium vulgare,5
BC06,September,Elymus repens,0.1
BC06,September,Festuca ovina,10
BC06,September,Festuca pratensis,2.5
BC06,September,Festuca rubra,57
BC06,September,Geranium molle,6
BC06,September,Hypochaeris radicata,2
BC06,September,Lamium purpureum,0
BC06,September,Lolium perenne,15
BC06,September,Medicago lupulina,2.5
BC06,September,Medicago sativa,0
BC06,September,Plantago lanceolata,28
BC06,September,Plantago media,33
BC06,September,Poa pratensis,1.5
BC06,September,Potentilla reptans,19
BC06,September,Securigera varia,0
BC06,September,Stellaria media,0.001
BC06,September,Taraxacum,1
BC06,September,Trifolium dubium,0.5
BC06,September,Trifolium pratensis,2
BC06,September,Trifolium repens,7
BC06,September,Veronica arvensis,0.51
BC06,September,Vicia sativa,2
BC07,March,Achillea millefolium,0.1
BC07,March,Arabidopsis thaliana,0
BC07,March,Arenaria serpyllifolia,9
BC07,March,Artemisia campestris,0.6
BC07,March,Berteroa incana,7
BC07,March,Bromus mollis,0.5
BC07,March,Cardamine hirsuta,0.02
BC07,March,Cerastium semidecandrum,17
BC07,March,Crepis capillaris,0.01
BC07,March,Draba verna,3.1
BC07,March,Echium vulgare,2.3
BC07,March,Erigeron annuus,0.1
BC07,March,Erodium cicutarium,0.5
BC07,March,Festuca rubra,25
BC07,March,Geranium molle,0.1
BC07,March,Holosteum umbellatum,0.1
BC07,March,Hypericum perforatum,0
BC07,March,Hypochaeris radicata,0.1
BC07,March,Lamium purpureum,1
BC07,March,Medicago lupulina,25
BC07,March,Medicago sativa,0
BC07,March,Melandrium album,0
BC07,March,Myosotis,0.1
BC07,March,Myosotis ramosissima,0.02
BC07,March,Oenothera biennis,5
BC07,March,Plantago lanceolata,1
BC07,March,Poa bulbosa,0.1
BC07,March,Potentilla argentea,7.1
BC07,March,Rumex acetosa,1
BC07,March,Saxifraga tridactylites,8.01
BC07,March,Sedum acre,5
BC07,March,Sedum album,5
BC07,March,Senecio vulgaris,0.1
BC07,March,Stellaria media,3
BC07,March,Tanacetum vulgare,0
BC07,March,Taraxacum,0.2
BC07,March,Tragopogon,0.1
BC07,March,Trifolium dubium,0.53
BC07,March,Valerianella locusta,0
BC07,March,Veronica arvensis,0.55
BC07,March,Veronica polita,1
BC07,March,Vicia lathyroides,1.2
BC07,May,Arenaria serpyllifolia,10
BC07,May,Artemisia campestris,1.5
BC07,May,Berteroa incana,15
BC07,May,Bromus mollis,1
BC07,May,Bromus sterilis,0
BC07,May,Cerastium glutinosum,0
BC07,May,Cerastium semidecandrum,13
BC07,May,Echium vulgare,3.5
BC07,May,Erigeron annuus,0.7
BC07,May,Erodium cicutarium,0.5
BC07,May,Festuca ovina,0
BC07,May,Festuca rubra,25
BC07,May,Geranium molle,0
BC07,May,Herniaria glabra,2
BC07,May,Hypericum perforatum,0
BC07,May,Medicago lupulina,0
BC07,May,Medicago sativa,0
BC07,May,Melandrium album,0
BC07,May,Myosotis ramosissima,0.30000000000000004
BC07,May,Oenothera biennis,3.5
BC07,May,Plantago lanceolata,3.5
BC07,May,Potentilla argentea,6
BC07,May,Rumex acetosa,1
BC07,May,Rumex crispus,0
BC07,May,Sedum acre,15
BC07,May,Sedum album,7
BC07,May,Tanacetum vulgare,0
BC07,May,Tragopogon,0.2
BC07,May,Trifolium arvense,30
BC07,May,Trifolium dubium,1
BC07,May,Valerianella locusta,0
BC07,May,Veronica arvensis,1.001
BC07,May,Veronica chamaedrys,0
BC07,May,Vicia cracca,0
BC07,May,Vicia lathyroides,7
BC07,July,Achillea millefolium,0.2
BC07,July,Arenaria serpyllifolia,0.30000000000000004
BC07,July,Artemisia campestris,18
BC07,July,Berteroa incana,30
BC07,July,Bromus mollis,0.5
BC07,July,Conyza canadensis,5
BC07,July,Crepis capillaris,0.1
BC07,July,Digitaria sanguinalis,0.02
BC07,July,Echium vulgare,8
BC07,July,Erodium cicutarium,0.1
BC07,July,Festuca ovina,0
BC07,July,Festuca rubra,25
BC07,July,Geranium molle,0
BC07,July,Herniaria glabra,5
BC07,July,Hypericum perforatum,0
BC07,July,Lamium purpureum,0.01
BC07,July,Medicago lupulina,0
BC07,July,Medicago minima,0.3
BC07,July,Medicago sativa,2
BC07,July,Melandrium album,0
BC07,July,Oenothera biennis,6
BC07,July,Plantago lanceolata,14
BC07,July,Potentilla argentea,7.5
BC07,July,Rumex acetosa,2
BC07,July,Sedum acre,3
BC07,July,Sedum album,15
BC07,July,Setaria viridis,0.11
BC07,July,Tanacetum vulgare,0
BC07,July,Taraxacum,2
BC07,July,Tragopogon,0
BC07,July,Trifolium arvense,95
BC07,July,Trifolium dubium,1
BC07,July,Veronica chamaedrys,0
BC07,July,Vicia lathyroides,0.11
BC07,July,Vicia sativa,0.01
BC07,September,Achillea millefolium,2
BC07,September,Arenaria serpyllifolia,12
BC07,September,Artemisia campestris,18
BC07,September,Berteroa incana,20.5
BC07,September,Bromus mollis,0.3
BC07,September,Cerastium,3.1
BC07,September,Conyza canadensis,10
BC07,September,Crepis capillaris,1.5
BC07,September,Digitaria sanguinalis,3.2
BC07,September,Echium vulgare,9
BC07,September,Erodium cicutarium,2
BC07,September,Festuca ovina,0
BC07,September,Festuca rubra,24
BC07,September,Geranium molle,0
BC07,September,Hypericum perforatum,0.1
BC07,September,Lamium purpureum,2.1
BC07,September,Medicago lupulina,0
BC07,September,Medicago minima,1
BC07,September,Medicago sativa,3
BC07,September,Melandrium album,0
BC07,September,Oenothera biennis,9
BC07,September,Plantago lanceolata,33
BC07,September,Potentilla argentea,7
BC07,September,Rumex acetosa,2
BC07,September,Rumex crispus,0
BC07,September,Sedum acre,5
BC07,September,Sedum album,15
BC07,September,Senecio vulgaris,0.01
BC07,September,Setaria viridis,2.1
BC07,September,Stellaria media,1.1
BC07,September,Tanacetum vulgare,0
BC07,September,Taraxacum,2
BC07,September,Tragopogon,2
BC07,September,Trifolium arvense,1.5
BC07,September,Trifolium dubium,2.1
BC07,September,Veronica arvensis,1.1
BC07,September,Vicia hirsuta,0
BC07,September,Vicia lathyroides,1.3
BC07,September,Vicia sativa,0.11
BC08,March,Arenaria serpyllifolia,0.01
BC08,March,Cardamine hirsuta,0
BC08,March,Cerastium glomeratum,0.5
BC08,March,Cerastium glutinosum,0.01
BC08,March,Draba verna,0.51
BC08,March,Erodium cicutarium,0.6
BC08,March,Hypochaeris radicata,0
BC08,March,Lolium perenne,0
BC08,March,Plantago lanceolata,25
BC08,March,Poa annua,85
BC08,March,Rumex acetosa,0
BC08,March,Stellaria media,0.01
BC08,March,Thlaspi perfoliatum,0.51
BC08,March,Trifolium dubium,0.8
BC08,March,Trifolium pratensis,5.5
BC08,March,Trifolium repens,6
BC08,March,Veronica arvensis,0.11
BC08,March,Vicia sativa,0.1
BC08,May,Arenaria serpyllifolia,0.1
BC08,May,Cerastium glomeratum,0.1
BC08,May,Cerastium glutinosum,0.2
BC08,May,Cerastium semidecandrum,0.5
BC08,May,Erodium cicutarium,0
BC08,May,Lactuca serriola,0
BC08,May,Lolium perenne,55
BC08,May,Medicago lupulina,13
BC08,May,Plantago lanceolata,65
BC08,May,Poa annua,6
BC08,May,Taraxacum,0
BC08,May,Trifolium dubium,6
BC08,May,Trifolium pratensis,2.5
BC08,May,Trifolium repens,3.5
BC08,May,Veronica arvensis,0.2
BC08,July,Arenaria serpyllifolia,0.01
BC08,July,Digitaria sanguinalis,0.07
BC08,July,Erodium cicutarium,2
BC08,July,Festuca arundinacea,0
BC08,July,Lolium perenne,50
BC08,July,Medicago lupulina,6
BC08,July,Plantago lanceolata,75
BC08,July,Poa annua,15
BC08,July,Rumex acetosa,0
BC08,July,Taraxacum,0.060000000000000005
BC08,July,Trifolium dubium,6
BC08,July,Trifolium pratensis,3
BC08,September,Agrostis capillaris,0.5
BC08,September,Arabidopsis thaliana,0.11
BC08,September,Arenaria serpyllifolia,0.01
BC08,September,Cerastium glutinosum,0
BC08,September,Digitaria sanguinalis,0.7
BC08,September,Echium vulgare,0
BC08,September,Eragrostis minor,0.1
BC08,September,Erodium cicutarium,4
BC08,September,Festuca arundinacea,0
BC08,September,Lolium perenne,52
BC08,September,Medicago lupulina,16
BC08,September,Plantago lanceolata,90
BC08,September,Poa annua,10
BC08,September,Rumex acetosa,0
BC08,September,Taraxacum,0
BC08,September,Trifolium dubium,5
BC08,September,Trifolium pratensis,2
BC08,September,Trifolium repens,1
BC08,September,Vicia sativa,0
BC09,March,Acer,0.02
BC09,March,Achillea millefolium,0.21000000000000002
BC09,March,Agrostis capillaris,1.2
BC09,March,Bellis perennis,0.2
BC09,March,Bromus sterilis,0.3
BC09,March,Carex muricata,1
BC09,March,Cerastium holosteoides,1.01
BC09,March,Dactylis glomerata,0
BC09,March,Daucus carota,0.01
BC09,March,Elymus repens,1
BC09,March,Festuca rubra,8
BC09,March,Geranium molle,0.5
BC09,March,Hypochaeris radicata,0.5
BC09,March,Luzula campestris,1
BC09,March,Plantago lanceolata,1.2
BC09,March,Poa pratensis,2.5
BC09,March,Rumex acetosa,0.5
BC09,March,Taraxacum,2.1
BC09,March,Trifolium dubium,0.01
BC09,March,Trifolium pratensis,7
BC09,March,Trifolium repens,0.6
BC09,March,Vicia sativa,0.11
BC09,May,Acer,0.8
BC09,May,Achillea millefolium,1
BC09,May,Agrostis capillaris,10.1
BC09,May,Bellis perennis,1
BC09,May,Bromus mollis,0.1
BC09,May,Bromus sterilis,1
BC09,May,Carex muricata,5
BC09,May,Cerastium holosteoides,3
BC09,May,Dactylis glomerata,0.5
BC09,May,Daucus carota,1
BC09,May,Elymus repens,1
BC09,May,Equisetum arvense,0.7
BC09,May,Festuca rubra,18
BC09,May,Geranium molle,0.5
BC09,May,Holcus lanatus,0
BC09,May,Hypochaeris radicata,5
BC09,May,Lolium perenne,0.1
BC09,May,Luzula campestris,1
BC09,May,Medicago sativa,20
BC09,May,Plantago lanceolata,13
BC09,May,Poa pratensis,0.7
BC09,May,Rumex acetosa,5
BC09,May,Taraxacum,10
BC09,May,Trifolium dubium,0.2
BC09,May,Trifolium pratensis,15
BC09,May,Trifolium repens,7.2
BC09,May,Vicia sativa,4
BC09,July,Acer,0.01
BC09,July,Achillea millefolium,10.2
BC09,July,Agrostis capillaris,13
BC09,July,Bellis perennis,2
BC09,July,Bromus mollis,0
BC09,July,Carex muricata,10
BC09,July,Cerastium holosteoides,4
BC09,July,Crepis capillaris,0
BC09,July,Dactylis glomerata,0.5
BC09,July,Daucus carota,1
BC09,July,Elymus repens,2
BC09,July,Equisetum arvense,0.5
BC09,July,Festuca arundinacea,0.5
BC09,July,Festuca rubra,40
BC09,July,Geranium molle,0.4
BC09,July,Hypochaeris radicata,4.01
BC09,July,Juglans regia,0
BC09,July,Lolium perenne,7
BC09,July,Luzula campestris,4
BC09,July,Medicago sativa,20
BC09,July,Plantago lanceolata,13
BC09,July,Poa pratensis,3
BC09,July,Rumex acetosa,15
BC09,July,Taraxacum,7.2
BC09,July,Trifolium dubium,1
BC09,July,Trifolium pratensis,17
BC09,July,Trifolium repens,14
BC09,July,Vicia sativa,0
BC09,September,Acer,0.1
BC09,September,Achillea millefolium,10.1
BC09,September,Agrostis capillaris,18
BC09,September,Bellis perennis,2
BC09,September,Bromus mollis,0.01
BC09,September,Carex muricata,8
BC09,September,Cerastium,0
BC09,September,Cerastium holosteoides,4
BC09,September,Crepis capillaris,0.01
BC09,September,Dactylis glomerata,1
BC09,September,Daucus carota,0.51
BC09,September,Elymus repens,0.5
BC09,September,Equisetum arvense,1
BC09,September,Festuca arundinacea,2
BC09,September,Festuca rubra,40
BC09,September,Geranium molle,0.5
BC09,September,Hypochaeris radicata,2
BC09,September,Juglans regia,0
BC09,September,Lolium perenne,3
BC09,September,Luzula campestris,3
BC09,September,Medicago sativa,20
BC09,September,Plantago lanceolata,11
BC09,September,Poa pratensis,3
BC09,September,Rumex acetosa,13
BC09,September,Taraxacum,8.1
BC09,September,Trifolium dubium,0.1
BC09,September,Trifolium pratensis,21
BC09,September,Trifolium repens,4
BC09,September,Veronica arvensis,0
BC09,September,Vicia hirsuta,0
BC09,September,Vicia sativa,0.30000000000000004
BC10,March,Achillea millefolium,22
BC10,March,Agrostis capillaris,5
BC10,March,Arctium tomentosum,0.5
BC10,March,Arenaria serpyllifolia,0.1
BC10,March,Artemisia campestris,0
BC10,March,Artemisia vulgaris,3.5
BC10,March,Berteroa incana,0.6
BC10,March,Bromus sterilis,2.5
BC10,March,Calamagrostis epigejos,0.5
BC10,March,Cardamine hirsuta,2
BC10,March,Carduus nutans,2
BC10,March,Carex caryophyllea,0
BC10,March,Centaurea jacea,17
BC10,March,Centaurea stoebe,0.5
BC10,March,Cerastium glomeratum,4.5
BC10,March,Cerastium semidecandrum,2
BC10,March,Corydalis solida,0
BC10,March,Dactylis glomerata,0.5
BC10,March,Daucus carota,0.5
BC10,March,Draba verna,0.02
BC10,March,Echium vulgare,0.51
BC10,March,Erigeron annuus,1
BC10,March,Festuca arundinacea,6
BC10,March,Festuca rubra,1
BC10,March,Fragaria vesca,0
BC10,March,Geranium molle,0.01
BC10,March,Hypericum perforatum,0
BC10,March,Lamium purpureum,0
BC10,March,Leucanthemum vulgare,6
BC10,March,Malva alcea,0.2
BC10,March,Medicago lupulina,0.1
BC10,March,Medicago sativa,5.01
BC10,March,Melandrium album,0
BC10,March,Myosotis ramosissima,0.11
BC10,March,Plantago lanceolata,4
BC10,March,Poa compressa,0.6
BC10,March,Potentilla argentea,1.1
BC10,March,Potentilla tabernaemontani,2
BC10,March,Salvia pratensis,2
BC10,March,Saponaria officinalis,0.1
BC10,March,Saxifraga tridactylites,0.01
BC10,March,Securigera varia,0
BC10,March,Sedum acre,3
BC10,March,Solidago canadensis,2
BC10,March,Stellaria media,1
BC10,March,Taraxacum,0.5
BC10,March,Trifolium arvense,0
BC10,March,Trifolium dubium,0.1
BC10,March,Trifolium pratensis,6
BC10,March,Verbascum,0
BC10,March,Veronica arvensis,3
BC10,March,Veronica sublobata,0.51
BC10,March,Vicia hirsuta,0.5
BC10,March,Vicia sativa,1
BC10,March,Vicia villosa,0
BC10,May,Achillea millefolium,45
BC10,May,Agrostis capillaris,3
BC10,May,Arctium tomentosum,0.5
BC10,May,Arenaria serpyllifolia,0.11
BC10,May,Arrhenatherum elatius,0.5
BC10,May,Artemisia absinthium,0
BC10,May,Artemisia vulgaris,15.5
BC10,May,Berteroa incana,4
BC10,May,Bromus sterilis,6
BC10,May,Calamagrostis epigejos,2
BC10,May,Carduus nutans,10
BC10,May,Carex,0.5
BC10,May,Carex caryophyllea,0
BC10,May,Centaurea cyanus,0
BC10,May,Centaurea jacea,36
BC10,May,Centaurea stoebe,13
BC10,May,Cerastium glomeratum,0.6
BC10,May,Cerastium semidecandrum,0.30000000000000004
BC10,May,Crepis biennis,0
BC10,May,Dactylis glomerata,2.3
BC10,May,Daucus carota,2
BC10,May,Echium vulgare,2
BC10,May,Erigeron annuus,2
BC10,May,Festuca arundinacea,8
BC10,May,Festuca ovina,0
BC10,May,Festuca rubra,5
BC10,May,Fragaria vesca,0
BC10,May,Helianthus tuberosus,8
BC10,May,Hypericum perforatum,0
BC10,May,Leucanthemum vulgare,18
BC10,May,Lolium perenne,1
BC10,May,Malva alcea,3
BC10,May,Medicago lupulina,0.5
BC10,May,Medicago sativa,32
BC10,May,Melandrium album,0
BC10,May,Myosotis ramosissima,0.01
BC10,May,Oenothera biennis,0
BC10,May,Plantago lanceolata,14
BC10,May,Poa compressa,7
BC10,May,Poa pratensis,1
BC10,May,Potentilla argentea,4
BC10,May,Potentilla tabernaemontani,2
BC10,May,Salvia pratensis,3
BC10,May,Saponaria officinalis,1
BC10,May,Securigera varia,0
BC10,May,Sedum acre,3
BC10,May,Silene coronaria,0
BC10,May,Solidago canadensis,10
BC10,May,Taraxacum,10
BC10,May,Trifolium arvense,0
BC10,May,Trifolium dubium,0.8
BC10,May,Trifolium pratensis,10
BC10,May,Veronica arvensis,0.6
BC10,May,Vicia hirsuta,2
BC10,May,Vicia sativa,6
BC10,May,Vicia villosa,5
BC10,July,Achillea millefolium,45
BC10,July,Agrostis capillaris,1.5
BC10,July,Arctium tomentosum,1
BC10,July,Arenaria serpyllifolia,0.01
BC10,July,Artemisia absinthium,0
BC10,July,Artemisia campestris,0
BC10,July,Artemisia vulgaris,7
BC10,July,Berteroa incana,10
BC10,July,Bromus sterilis,1
BC10,July,Calamagrostis epigejos,0.2
BC10,July,Carduus nutans,4
BC10,July,Carex,0.5
BC10,July,Carex caryophyllea,0
BC10,July,Centaurea jacea,35
BC10,July,Centaurea stoebe,1
BC10,July,Chenopodium album,0
BC10,July,Crepis biennis,0
BC10,July,Dactylis glomerata,0.8
BC10,July,Daucus carota,0.5
BC10,July,Echium vulgare,5.5
BC10,July,Erigeron annuus,0.1
BC10,July,Festuca arundinacea,5
BC10,July,Festuca ovina,0
BC10,July,Festuca rubra,4
BC10,July,Helianthus tuberosus,1
BC10,July,Hypericum perforatum,0
BC10,July,Leucanthemum vulgare,8
BC10,July,Lolium perenne,0.5
BC10,July,Malva alcea,3
BC10,July,Medicago lupulina,1
BC10,July,Medicago sativa,26
BC10,July,Melandrium album,0
BC10,July,Melilotus albus,0
BC10,July,Oenothera biennis,0
BC10,July,Plantago lanceolata,20
BC10,July,Poa compressa,0.6
BC10,July,Poa pratensis,0.1
BC10,July,Potentilla argentea,5
BC10,July,Potentilla tabernaemontani,5
BC10,July,Salvia pratensis,3
BC10,July,Saponaria officinalis,0.2
BC10,July,Securigera varia,0
BC10,July,Sedum acre,3
BC10,July,Silene coronaria,0
BC10,July,Solidago canadensis,3
BC10,July,Taraxacum,1
BC10,July,Trifolium arvense,0
BC10,July,Trifolium pratensis,6
BC10,July,Veronica arvensis,0.21000000000000002
BC10,July,Vicia hirsuta,0
BC10,July,Vicia sativa,0.1
BC10,September,Achillea millefolium,50
BC10,September,Agrostis capillaris,2
BC10,September,Arctium tomentosum,0.5
BC10,September,Artemisia vulgaris,8
BC10,September,Berteroa incana,4
BC10,September,Bromus sterilis,0.01
BC10,September,Calamagrostis epigejos,0.1
BC10,September,Carduus nutans,5
BC10,September,Carex,0.5
BC10,September,Carex caryophyllea,0
BC10,September,Carex hirta,0
BC10,September,Centaurea jacea,43
BC10,September,Centaurea stoebe,3
BC10,September,Crepis biennis,0.1
BC10,September,Crepis capillaris,0
BC10,September,Dactylis glomerata,1
BC10,September,Daucus carota,0.1
BC10,September,Echium vulgare,2.1
BC10,September,Erigeron annuus,0
BC10,September,Festuca arundinacea,0.8
BC10,September,Festuca ovina,0
BC10,September,Festuca rubra,6
BC10,September,Helianthus tuberosus,2
BC10,September,Hypericum perforatum,0
BC10,September,Leucanthemum vulgare,7
BC10,September,Lolium perenne,0.5
BC10,September,Malva alcea,4
BC10,September,Medicago lupulina,0
BC10,September,Medicago sativa,15
BC10,September,Melandrium album,0
BC10,September,Melilotus albus,0.5
BC10,September,Oenothera biennis,0
BC10,September,Plantago lanceolata,14
BC10,September,Poa compressa,0.6
BC10,September,Polygonum aviculare,0
BC10,September,Potentilla argentea,3.5
BC10,September,Potentilla tabernaemontani,6
BC10,September,Salvia pratensis,8
BC10,September,Saponaria officinalis,1
BC10,September,Securigera varia,0
BC10,September,Sedum acre,5
BC10,September,Silene coronaria,0
BC10,September,Solidago canadensis,3
BC10,September,Trifolium pratensis,10
BC10,September,Veronica arvensis,0.02
BC10,September,Vicia sativa,0.6
BC11,March,Achillea millefolium,1.1
BC11,March,Agrostis capillaris,0
BC11,March,Bellis perennis,2
BC11,March,Cerastium holosteoides,4
BC11,March,Cerastium semidecandrum,0.01
BC11,March,Crepis capillaris,0
BC11,March,Dactylis glomerata,0
BC11,March,Draba verna,0
BC11,March,Festuca rubra,12
BC11,March,Geranium molle,0.11
BC11,March,Leontodon autumnalis,0.6
BC11,March,Lolium perenne,55
BC11,March,Plantago lanceolata,0.5
BC11,March,Taraxacum,0
BC11,March,Trifolium pratensis,0.5
BC11,March,Trifolium repens,25
BC11,March,Veronica arvensis,0.02
BC11,March,Veronica serpyllifolia,4
BC11,May,Achillea millefolium,13
BC11,May,Agrostis capillaris,0.6
BC11,May,Arenaria serpyllifolia,0.1
BC11,May,Bellis perennis,8
BC11,May,Carex hirta,0.2
BC11,May,Cerastium holosteoides,7
BC11,May,Cerastium semidecandrum,0.5
BC11,May,Dactylis glomerata,0
BC11,May,Festuca rubra,15
BC11,May,Geranium molle,2
BC11,May,Leontodon autumnalis,1.5
BC11,May,Lolium perenne,55
BC11,May,Plantago lanceolata,12
BC11,May,Poa compressa,0.1
BC11,May,Poa pratensis,0.5
BC11,May,Rumex acetosa,0
BC11,May,Taraxacum,0.1
BC11,May,Trifolium dubium,0.2
BC11,May,Trifolium pratensis,5
BC11,May,Trifolium repens,70
BC11,May,Veronica arvensis,0.7
BC11,May,Veronica serpyllifolia,1.5
BC11,July,Achillea millefolium,22
BC11,July,Agrostis capillaris,0.6
BC11,July,Arenaria serpyllifolia,0
BC11,July,Bellis perennis,10
BC11,July,Carex hirta,1
BC11,July,Cerastium holosteoides,3
BC11,July,Conyza canadensis,0
BC11,July,Crepis capillaris,0
BC11,July,Dactylis glomerata,0
BC11,July,Festuca rubra,8
BC11,July,Geranium molle,0.4
BC11,July,Leontodon autumnalis,4
BC11,July,Lolium perenne,90
BC11,July,Plantago lanceolata,9
BC11,July,Poa compressa,1
BC11,July,Poa pratensis,0.5
BC11,July,Poaceae,0
BC11,July,Rumex acetosa,0
BC11,July,Taraxacum,0
BC11,July,Trifolium dubium,0.1
BC11,July,Trifolium pratensis,3
BC11,July,Trifolium repens,80
BC11,July,Veronica arvensis,0
BC11,July,Veronica serpyllifolia,2.2
BC11,September,Achillea millefolium,13
BC11,September,Agrostis capillaris,0.2
BC11,September,Arenaria serpyllifolia,0.1
BC11,September,Bellis perennis,18
BC11,September,Carex hirta,0
BC11,September,Cerastium holosteoides,3.5
BC11,September,Cerastium semidecandrum,2.3
BC11,September,Conyza canadensis,0
BC11,September,Crepis capillaris,0
BC11,September,Dactylis glomerata,0
BC11,September,Festuca rubra,20
BC11,September,Geranium molle,0.5
BC11,September,Leontodon autumnalis,3
BC11,September,Lolium perenne,80
BC11,September,Medicago lupulina,0
BC11,September,Plantago lanceolata,8
BC11,September,Poa pratensis,0.1
BC11,September,Poaceae,0
BC11,September,Taraxacum,0
BC11,September,Trifolium dubium,2
BC11,September,Trifolium pratensis,3
BC11,September,Trifolium repens,70
BC11,September,Veronica arvensis,0.1
BC11,September,Veronica serpyllifolia,4.2
BC12,March,Acer,0.15000000000000002
BC12,March,Achillea millefolium,0.1
BC12,March,Aegopodium podagraria,0.01
BC12,March,Agrostis capillaris,15
BC12,March,Carex muricata,0
BC12,March,Cerastium holosteoides,0.6
BC12,March,Crocus,0.01
BC12,March,Dactylis glomerata,3
BC12,March,Daucus carota,1
BC12,March,Elymus repens,0.5
BC12,March,Festuca rubra,45
BC12,March,Ficaria verna,0
BC12,March,Geum urbanum,0.1
BC12,March,Holcus lanatus,0
BC12,March,Hypericum perforatum,0.1
BC12,March,Leucanthemum vulgare,3
BC12,March,Lolium perenne,0.5
BC12,March,Medicago lupulina,0.5
BC12,March,Plantago lanceolata,0.5
BC12,March,Poa pratensis,2
BC12,March,Tanacetum vulgare,0
BC12,March,Taraxacum,9
BC12,March,Trifolium pratensis,8
BC12,March,Trifolium repens,1.01
BC12,March,Veronica chamaedrys,0.01
BC12,March,Vicia sativa,2.1
BC12,March,Viola odorata,0
BC12,May,Acer,7
BC12,May,Achillea millefolium,2
BC12,May,Aegopodium podagraria,10
BC12,May,Agrostis capillaris,8
BC12,May,Arenaria serpyllifolia,0.1
BC12,May,Carex muricata,0.5
BC12,May,Cerastium holosteoides,6
BC12,May,Dactylis glomerata,12
BC12,May,Daucus carota,2.1
BC12,May,Elymus repens,0.5
BC12,May,Erigeron annuus,1
BC12,May,Festuca rubra,65
BC12,May,Galium album,0
BC12,May,Geum urbanum,0.01
BC12,May,Hypericum perforatum,4
BC12,May,Leucanthemum vulgare,5
BC12,May,Lolium perenne,1
BC12,May,Lotus corniculatus,0.01
BC12,May,Medicago lupulina,2
BC12,May,Plantae (rosette),0.1
BC12,May,Plantago lanceolata,1
BC12,May,Poa compressa,0.1
BC12,May,Poa pratensis,3
BC12,May,Quercus robur,1
BC12,May,Tanacetum vulgare,0
BC12,May,Taraxacum,12
BC12,May,Trifolium pratensis,35
BC12,May,Trifolium repens,3
BC12,May,Ulmus,0.1
BC12,May,Veronica arvensis,0.01
BC12,May,Veronica chamaedrys,0
BC12,May,Veronica serpyllifolia,0.2
BC12,May,Vicia hirsuta,4
BC12,May,Vicia sativa,14
BC12,July,Acer,0.2
BC12,July,Achillea millefolium,1
BC12,July,Aegopodium podagraria,4
BC12,July,Agrostis capillaris,7
BC12,July,Carex muricata,0.1
BC12,July,Cerastium holosteoides,0.15000000000000002
BC12,July,Dactylis glomerata,10
BC12,July,Daucus carota,0.6
BC12,July,Elymus repens,0.5
BC12,July,Festuca rubra,50
BC12,July,Galium album,0
BC12,July,Geum urbanum,0.01
BC12,July,Hypericum perforatum,5
BC12,July,Leucanthemum vulgare,9
BC12,July,Lolium perenne,2.5
BC12,July,Lotus corniculatus,0
BC12,July,Medicago lupulina,2
BC12,July,Plantago lanceolata,1.2
BC12,July,Poa compressa,0.1
BC12,July,Poa pratensis,2.5
BC12,July,Tanacetum vulgare,0
BC12,July,Taraxacum,11
BC12,July,Trifolium pratensis,20
BC12,July,Trifolium repens,9
BC12,July,Veronica chamaedrys,0
BC12,July,Vicia hirsuta,0.1
BC12,July,Vicia sativa,1
BC12,September,Achillea millefolium,1
BC12,September,Aegopodium podagraria,5
BC12,September,Agrostis capillaris,4
BC12,September,Carex muricata,0.5
BC12,September,Cerastium,0.01
BC12,September,Cerastium holosteoides,0.11
BC12,September,Dactylis glomerata,15
BC12,September,Daucus carota,3.1
BC12,September,Elymus repens,2
BC12,September,Erigeron annuus,0.5
BC12,September,Festuca rubra,55
BC12,September,Galium album,0
BC12,September,Geum urbanum,0
BC12,September,Hypericum perforatum,3
BC12,September,Leucanthemum vulgare,15
BC12,September,Lolium perenne,2.5
BC12,September,Lotus corniculatus,0
BC12,September,Medicago lupulina,3
BC12,September,Plantago lanceolata,1
BC12,September,Poa pratensis,3
BC12,September,Tanacetum vulgare,0
BC12,September,Taraxacum,15
BC12,September,Trifolium pratensis,30
BC12,September,Trifolium repens,13
BC12,September,Veronica arvensis,0.01
BC12,September,Veronica chamaedrys,0
BC12,September,Vicia hirsuta,2.2
BC12,September,Vicia sativa,12
BC13,March,Achillea millefolium,0.1
BC13,March,Agrostis capillaris,2
BC13,March,Arabidopsis thaliana,0
BC13,March,Arenaria serpyllifolia,0.1
BC13,March,Artemisia campestris,0
BC13,March,Bellis perennis,0.1
BC13,March,Berteroa incana,0.01
BC13,March,Cardamine hirsuta,0
BC13,March,Carex caryophyllea,0
BC13,March,Cerastium semidecandrum,0.11
BC13,March,Daucus carota,0.5
BC13,March,Draba verna,0
BC13,March,Festuca ovina,1.5
BC13,March,Festuca rubra,5
BC13,March,Hypochaeris radicata,3
BC13,March,Lolium perenne,0.1
BC13,March,Luzula campestris,10
BC13,March,Myosotis ramosissima,0.01
BC13,March,Ornithopus perpusillus,0.5
BC13,March,Plantago lanceolata,0.5
BC13,March,Poa pratensis,0.5
BC13,March,Prunus,0
BC13,March,Rumex acetosa,1
BC13,March,Sedum acre,20.1
BC13,March,Stellaria media,0.5
BC13,March,Taraxacum,0
BC13,March,Trifolium dubium,2
BC13,March,Trifolium pratensis,2.5
BC13,March,Trifolium repens,18
BC13,March,Veronica arvensis,0.02
BC13,March,Veronica sublobata,0.02
BC13,March,Vicia lathyroides,9
BC13,May,Acer,0
BC13,May,Achillea millefolium,1.2
BC13,May,Agrostis capillaris,18
BC13,May,Arenaria serpyllifolia,0.4
BC13,May,Artemisia campestris,0
BC13,May,Bellis perennis,3
BC13,May,Berteroa incana,0.1
BC13,May,Carex caryophyllea,0
BC13,May,Cerastium semidecandrum,0.9
BC13,May,Daucus carota,0.5
BC13,May,Festuca ovina,1.5
BC13,May,Festuca rubra,13
BC13,May,Hypochaeris radicata,8
BC13,May,Lolium perenne,0.5
BC13,May,Luzula campestris,22
BC13,May,Myosotis ramosissima,0.5
BC13,May,Ornithopus perpusillus,3
BC13,May,Plantago lanceolata,6
BC13,May,Poa pratensis,1.5
BC13,May,Prunus,0
BC13,May,Rumex acetosa,4
BC13,May,Sedum acre,27
BC13,May,Trifolium arvense,3
BC13,May,Trifolium campestre,3
BC13,May,Trifolium dubium,17
BC13,May,Trifolium pratensis,8
BC13,May,Trifolium repens,25
BC13,May,Veronica arvensis,0.30000000000000004
BC13,May,Vicia hirsuta,0
BC13,May,Vicia lathyroides,5
BC13,May,Vicia sativa,5
BC13,July,Achillea millefolium,0.6
BC13,July,Agrostis capillaris,19
BC13,July,Arenaria serpyllifolia,0
BC13,July,Artemisia campestris,0
BC13,July,Bellis perennis,3
BC13,July,Berteroa incana,0
BC13,July,Carex caryophyllea,0
BC13,July,Festuca ovina,1.1
BC13,July,Festuca rubra,12
BC13,July,Herniaria glabra,0
BC13,July,Hypochaeris radicata,7
BC13,July,Lolium perenne,1
BC13,July,Luzula campestris,18
BC13,July,Ornithopus perpusillus,0.05
BC13,July,Plantago lanceolata,7
BC13,July,Poa pratensis,2.5
BC13,July,Quercus robur,0
BC13,July,Rumex acetosa,4.7
BC13,July,Sedum acre,35.5
BC13,July,Taraxacum,0.1
BC13,July,Trifolium arvense,0.001
BC13,July,Trifolium dubium,3
BC13,July,Trifolium pratensis,2
BC13,July,Trifolium repens,1.1
BC13,July,Veronica arvensis,0.2
BC13,July,Vicia hirsuta,0
BC13,July,Vicia lathyroides,1.4
BC13,July,Vicia sativa,0.6
BC13,September,Achillea millefolium,2
BC13,September,Agrostis capillaris,30
BC13,September,Arabidopsis thaliana,0.1
BC13,September,Arenaria serpyllifolia,1.3
BC13,September,Artemisia campestris,0
BC13,September,Bellis perennis,5
BC13,September,Berteroa incana,0
BC13,September,Carex caryophyllea,0
BC13,September,Cerastium semidecandrum,0.6
BC13,September,Festuca ovina,2
BC13,September,Festuca rubra,10
BC13,September,Herniaria glabra,0
BC13,September,Hypochaeris radicata,14
BC13,September,Lolium perenne,0.1
BC13,September,Luzula campestris,26
BC13,September,Medicago lupulina,0.2
BC13,September,Ornithopus perpusillus,1
BC13,September,Plantago lanceolata,7
BC13,September,Poa pratensis,2.5
BC13,September,Rumex acetosa,2.5
BC13,September,Sedum acre,31
BC13,September,Stellaria media,0.6
BC13,September,Taraxacum,0
BC13,September,Trifolium arvense,0
BC13,September,Trifolium campestre,3
BC13,September,Trifolium dubium,5
BC13,September,Trifolium pratensis,2
BC13,September,Trifolium repens,3.5
BC13,September,Veronica arvensis,0.1
BC13,September,Vicia lathyroides,7
BC13,September,Vicia sativa,1.5
BC14,March,Acer,0.002
BC14,March,Agrostis capillaris,0.2
BC14,March,Arenaria serpyllifolia,0.011
BC14,March,Bellis perennis,0.8
BC14,March,Bromus sterilis,0.01
BC14,March,Cardamine hirsuta,0
BC14,March,Cerastium glomeratum,0.6
BC14,March,Corydalis,1.1
BC14,March,Crocus,0.001
BC14,March,Elymus repens,0.1
BC14,March,Festuca rubra,27
BC14,March,Geranium molle,0.011
BC14,March,Hypochaeris radicata,0
BC14,March,Luzula campestris,4
BC14,March,Myosotis,0
BC14,March,Plantago lanceolata,4
BC14,March,Poa pratensis,0.7
BC14,March,Potentilla reptans,0.1
BC14,March,Scilla siberica,0.2
BC14,March,Taraxacum,0.1
BC14,March,Trifolium dubium,4.01
BC14,March,Trifolium pratensis,14
BC14,March,Trifolium repens,3.001
BC14,March,Veronica arvensis,0.002
BC14,March,Veronica sublobata,0.01
BC14,March,Vicia lathyroides,1.5
BC14,May,Acer,0.4
BC14,May,Agrostis capillaris,2.5
BC14,May,Arenaria serpyllifolia,0.1
BC14,May,Bellis perennis,4
BC14,May,Betula pendula,0
BC14,May,Bromus sterilis,0.1
BC14,May,Carex caryophyllea,0.1
BC14,May,Cerastium glomeratum,1.1
BC14,May,Cerastium holosteoides,0.5
BC14,May,Epipactis helleborine,0
BC14,May,Festuca arundinacea,0.5
BC14,May,Festuca rubra,35
BC14,May,Geranium molle,0.5
BC14,May,Geum urbanum,0
BC14,May,Hypericum perforatum,0
BC14,May,Hypochaeris radicata,0.8
BC14,May,Lolium perenne,1
BC14,May,Luzula campestris,5
BC14,May,Medicago lupulina,1
BC14,May,Myosotis,0
BC14,May,Plantago lanceolata,11
BC14,May,Poa pratensis,4
BC14,May,Potentilla reptans,5
BC14,May,Taraxacum,0.2
BC14,May,Trifolium campestre,5
BC14,May,Trifolium dubium,21
BC14,May,Trifolium pratensis,30
BC14,May,Trifolium repens,12
BC14,May,Veronica arvensis,0.2
BC14,May,Vicia lathyroides,0.6
BC14,May,Vicia sativa,8
BC14,July,Acer,0.01
BC14,July,Agrostis capillaris,6
BC14,July,Arenaria serpyllifolia,0
BC14,July,Bellis perennis,3
BC14,July,Bromus sterilis,0.01
BC14,July,Carex caryophyllea,1
BC14,July,Cerastium holosteoides,0.2
BC14,July,Conyza canadensis,0
BC14,July,Dactylis glomerata,0
BC14,July,Festuca arundinacea,0.5
BC14,July,Festuca rubra,22
BC14,July,Geranium molle,0.1
BC14,July,Hypochaeris radicata,1
BC14,July,Lolium perenne,0.1
BC14,July,Luzula campestris,2.5
BC14,July,Medicago lupulina,1
BC14,July,Plantago lanceolata,16
BC14,July,Poa pratensis,15.5
BC14,July,Potentilla reptans,5
BC14,July,Taraxacum,1
BC14,July,Trifolium dubium,0.71
BC14,July,Trifolium pratensis,11
BC14,July,Trifolium repens,8.5
BC14,July,Veronica arvensis,0.1
BC14,July,Vicia lathyroides,0.02
BC14,July,Vicia sativa,0.11
BC14,September,Agrostis capillaris,3
BC14,September,Arenaria serpyllifolia,0.1
BC14,September,Bellis perennis,4
BC14,September,Carex caryophyllea,1
BC14,September,Cerastium glomeratum,0.01
BC14,September,Cerastium holosteoides,0.2
BC14,September,Conyza canadensis,0
BC14,September,Dactylis glomerata,0
BC14,September,Festuca arundinacea,0.5
BC14,September,Festuca rubra,25
BC14,September,Geranium molle,0.5
BC14,September,Hypericum perforatum,0
BC14,September,Hypochaeris radicata,4
BC14,September,Leontodon autumnalis,1
BC14,September,Lolium perenne,0.5
BC14,September,Luzula campestris,3
BC14,September,Medicago lupulina,2
BC14,September,Plantago lanceolata,23
BC14,September,Poa pratensis,3.5
BC14,September,Potentilla reptans,6
BC14,September,Taraxacum,1
BC14,September,Trifolium campestre,1
BC14,September,Trifolium dubium,3.1
BC14,September,Trifolium pratensis,27
BC14,September,Trifolium repens,8
BC14,September,Vicia lathyroides,1.01
BC14,September,Vicia sativa,0.51
BC15,March,Acer,0.01
BC15,March,Achillea millefolium,1.5
BC15,March,Agrostis capillaris,4
BC15,March,Arenaria serpyllifolia,3
BC15,March,Bellis perennis,1
BC15,March,Cardamine hirsuta,0.02
BC15,March,Cerastium holosteoides,0.01
BC15,March,Cerastium semidecandrum,1
BC15,March,Festuca arundinacea,4
BC15,March,Festuca rubra,45
BC15,March,Galium album,0
BC15,March,Geranium molle,1.1
BC15,March,Hypericum perforatum,0
BC15,March,Luzula campestris,7.5
BC15,March,Plantago lanceolata,10
BC15,March,Poa pratensis,2
BC15,March,Rumex acetosa,0.5
BC15,March,Stellaria media,0
BC15,March,Trifolium dubium,1.1
BC15,March,Trifolium pratensis,12
BC15,March,Trifolium repens,1
BC15,March,Veronica arvensis,5.1
BC15,March,Veronica serpyllifolia,0.02
BC15,March,Vicia lathyroides,0.1
BC15,May,Achillea millefolium,10
BC15,May,Agrostis capillaris,5
BC15,May,Arenaria serpyllifolia,7
BC15,May,Bellis perennis,1
BC15,May,Carex hirta,1
BC15,May,Cerastium glomeratum,0.01
BC15,May,Cerastium holosteoides,0.6
BC15,May,Cerastium semidecandrum,0.6
BC15,May,Crepis capillaris,0
BC15,May,Festuca arundinacea,2.5
BC15,May,Festuca rubra,33
BC15,May,Galium album,0
BC15,May,Geranium molle,1
BC15,May,Hypericum perforatum,0
BC15,May,Lolium perenne,0
BC15,May,Luzula campestris,1.3
BC15,May,Medicago lupulina,0.6
BC15,May,Myosotis ramosissima,0
BC15,May,Plantago lanceolata,27
BC15,May,Poa pratensis,3.5
BC15,May,Rumex acetosa,2
BC15,May,Trifolium dubium,15
BC15,May,Trifolium pratensis,15
BC15,May,Trifolium repens,6
BC15,May,Veronica arvensis,1.2
BC15,May,Veronica serpyllifolia,0.1
BC15,May,Vicia lathyroides,1
BC15,May,Vicia sativa,0
BC15,July,Achillea millefolium,22
BC15,July,Agrostis capillaris,16
BC15,July,Arenaria serpyllifolia,7.01
BC15,July,Bellis perennis,1
BC15,July,Carex hirta,0.3
BC15,July,Crepis capillaris,0.2
BC15,July,Festuca arundinacea,1.1
BC15,July,Festuca rubra,25
BC15,July,Galium album,0
BC15,July,Geranium molle,2.3
BC15,July,Hypericum perforatum,0
BC15,July,Hypochaeris radicata,0.01
BC15,July,Luzula campestris,2.1
BC15,July,Medicago lupulina,1
BC15,July,Plantago lanceolata,60
BC15,July,Poa pratensis,0.6
BC15,July,Rumex acetosa,4
BC15,July,Trifolium dubium,1.2
BC15,July,Trifolium pratensis,27
BC15,July,Trifolium repens,3
BC15,July,Veronica arvensis,1
BC15,July,Vicia lathyroides,0.01
BC15,September,Achillea millefolium,12
BC15,September,Agrostis capillaris,10
BC15,September,Arenaria serpyllifolia,11
BC15,September,Bellis perennis,4
BC15,September,Carex hirta,5.5
BC15,September,Cerastium,0.1
BC15,September,Crepis capillaris,1
BC15,September,Festuca arundinacea,1.1
BC15,September,Festuca ovina,0
BC15,September,Festuca rubra,25
BC15,September,Galium album,0
BC15,September,Geranium molle,1.5
BC15,September,Hypericum perforatum,0
BC15,September,Lolium perenne,0
BC15,September,Luzula campestris,1.5
BC15,September,Plantago lanceolata,60
BC15,September,Poa pratensis,1.5
BC15,September,Rumex acetosa,0.5
BC15,September,Taraxacum,0
BC15,September,Trifolium dubium,7
BC15,September,Trifolium pratensis,13
BC15,September,Trifolium repens,5
BC15,September,Veronica arvensis,0.1
BC15,September,Vicia lathyroides,0.6
BC16,March,Achillea millefolium,7
BC16,March,Agrostis capillaris,30
BC16,March,Arenaria serpyllifolia,0.01
BC16,March,Bellis perennis,1
BC16,March,Bromus mollis,4
BC16,March,Cardamine hirsuta,0.02
BC16,March,Cerastium holosteoides,0.01
BC16,March,Cerastium semidecandrum,0.02
BC16,March,Claytonia perfoliata,0
BC16,March,Corydalis solida,4
BC16,March,Dactylis glomerata,0
BC16,March,Erigeron annuus,0.01
BC16,March,Festuca rubra,25
BC16,March,Geranium molle,1.5
BC16,March,Hypochaeris radicata,0.2
BC16,March,Lamium purpureum,0
BC16,March,Leontodon,0.5
BC16,March,Luzula campestris,1
BC16,March,Myosotis ramosissima,0.1
BC16,March,Narcissus,0.1
BC16,March,Plantago lanceolata,1
BC16,March,Poa pratensis,1.5
BC16,March,Rumex acetosa,1.5
BC16,March,Rumex acetosella,0
BC16,March,Stellaria media,0.01
BC16,March,Taraxacum,0
BC16,March,Trifolium dubium,0.01
BC16,March,Trifolium pratensis,1.1
BC16,March,Trifolium repens,4
BC16,March,Veronica arvensis,0.01
BC16,March,Veronica sublobata,0.1
BC16,March,Vicia lathyroides,0.6
BC16,May,Achillea millefolium,30
BC16,May,Agrostis capillaris,35
BC16,May,Arenaria serpyllifolia,2
BC16,May,Bellis perennis,4
BC16,May,Bromus mollis,12
BC16,May,Carex caryophyllea,0.5
BC16,May,Castanea sativa,0
BC16,May,Cerastium glomeratum,0
BC16,May,Cerastium semidecandrum,0.6
BC16,May,Crepis capillaris,0.1
BC16,May,Dactylis glomerata,0
BC16,May,Festuca rubra,27
BC16,May,Geranium molle,8
BC16,May,Hypochaeris radicata,2
BC16,May,Lamium purpureum,0
BC16,May,Leontodon,1
BC16,May,Luzula campestris,0.5
BC16,May,Myosotis ramosissima,0.5
BC16,May,Narcissus,0.1
BC16,May,Oxalis corniculata,1
BC16,May,Plantago lanceolata,0.1
BC16,May,Poa pratensis,3
BC16,May,Potentilla argentea,1
BC16,May,Quercus,0
BC16,May,Rumex acetosa,4
BC16,May,Rumex acetosella,0
BC16,May,Trifolium dubium,3.5
BC16,May,Trifolium pratensis,9
BC16,May,Trifolium repens,18
BC16,May,Trisetum flavescens,0
BC16,May,Veronica arvensis,0.1
BC16,May,Vicia lathyroides,6
BC16,July,Achillea millefolium,55
BC16,July,Agrostis capillaris,27
BC16,July,Arenaria serpyllifolia,1
BC16,July,Bellis perennis,7
BC16,July,Bromus mollis,21
BC16,July,Carex caryophyllea,3
BC16,July,Crepis capillaris,0
BC16,July,Dactylis glomerata,0
BC16,July,Elymus repens,8
BC16,July,Festuca rubra,38
BC16,July,Geranium molle,11
BC16,July,Hypochaeris radicata,0.01
BC16,July,Leontodon,0
BC16,July,Lolium perenne,8
BC16,July,Luzula campestris,0.1
BC16,July,Oxalis corniculata,4
BC16,July,Plantago lanceolata,7
BC16,July,Poa pratensis,4
BC16,July,Potentilla argentea,0.01
BC16,July,Rumex acetosa,6
BC16,July,Rumex acetosella,0
BC16,July,Trifolium dubium,0.2
BC16,July,Trifolium pratensis,5
BC16,July,Trifolium repens,9.5
BC16,July,Trisetum flavescens,0.3
BC16,July,Veronica arvensis,0.1
BC16,July,Vicia lathyroides,0.2
BC16,September,Achillea millefolium,50
BC16,September,Agrostis capillaris,30
BC16,September,Arenaria serpyllifolia,7.5
BC16,September,Bellis perennis,7
BC16,September,Bromus mollis,22
BC16,September,Cardamine hirsuta,0.01
BC16,September,Carex caryophyllea,2
BC16,September,Cerastium semidecandrum,0.51
BC16,September,Crepis capillaris,0.5
BC16,September,Dactylis glomerata,0
BC16,September,Elymus repens,0.5
BC16,September,Festuca rubra,25
BC16,September,Geranium molle,27
BC16,September,Hypochaeris radicata,2.1
BC16,September,Lamium purpureum,0.11
BC16,September,Leontodon,0
BC16,September,Lolium perenne,1
BC16,September,Luzula campestris,3
BC16,September,Oxalis corniculata,2
BC16,September,Plantago lanceolata,7
BC16,September,Poa pratensis,4
BC16,September,Rumex acetosa,3.5
BC16,September,Rumex acetosella,0
BC16,September,Taraxacum,0
BC16,September,Trifolium dubium,5
BC16,September,Trifolium pratensis,10
BC16,September,Trifolium repens,12
BC16,September,Trisetum flavescens,0.3
BC16,September,Veronica arvensis,1.01
BC16,September,Vicia lathyroides,2.5
BC17,March,Acer,0.30000000000000004
BC17,March,Achillea millefolium,7
BC17,March,Agrostis capillaris,18
BC17,March,Arabidopsis thaliana,0
BC17,March,Arabis hirsuta agg.,0
BC17,March,Arenaria serpyllifolia,1.5
BC17,March,Bellis perennis,1.5
BC17,March,Bromus sterilis,4
BC17,March,Campanula rapunculoides,0
BC17,March,Cardamine hirsuta,0
BC17,March,Carduus,1
BC17,March,Centaurea jacea,2
BC17,March,Centaurea scabiosa,0.5
BC17,March,Cerastium glomeratum,0.2
BC17,March,Cerastium semidecandrum,0.2
BC17,March,Corydalis solida,1.1
BC17,March,Crepis capillaris,0.5
BC17,March,Dactylis glomerata,2
BC17,March,Daucus carota,2.5
BC17,March,Draba verna,0.2
BC17,March,Echium vulgare,0.01
BC17,March,Elymus repens,3
BC17,March,Festuca arundinacea,0.5
BC17,March,Festuca pratensis,3
BC17,March,Festuca rubra,15
BC17,March,Galanthus nivalis,0
BC17,March,Geranium molle,2.1
BC17,March,Helichrysum arenarium,0.001
BC17,March,Hypericum perforatum,0
BC17,March,Hypochaeris radicata,2.5
BC17,March,Knautia arvense,1.5
BC17,March,Leontodon hispidus,1
BC17,March,Leucanthemum vulgare,3
BC17,March,Luzula campestris,10
BC17,March,Medicago sativa,4
BC17,March,Myosotis ramosissima,0
BC17,March,Phleum phleoides,0
BC17,March,Plantago lanceolata,6
BC17,March,Plantago media,1.5
BC17,March,Poa pratensis,0.6
BC17,March,Potentilla argentea,0
BC17,March,Potentilla reptans,1.1
BC17,March,Prunus,0.01
BC17,March,Ranunculus acris,0
BC17,March,Rumex acetosa,0.5
BC17,March,Rumex acetosella,0
BC17,March,Salvia pratensis,3
BC17,March,Sedum sexangulare,3
BC17,March,Taraxacum,6
BC17,March,Trifolium dubium,0.1
BC17,March,Trifolium pratensis,45
BC17,March,Trifolium repens,5
BC17,March,Trisetum flavescens,0
BC17,March,Veronica arvensis,0.2
BC17,March,Veronica sublobata,0.2
BC17,March,Vicia lathyroides,0.1
BC17,May,Acer,2.3
BC17,May,Achillea millefolium,20
BC17,May,Agrostis capillaris,23
BC17,May,Arenaria serpyllifolia,1
BC17,May,Bellis perennis,1.3
BC17,May,Bromus sterilis,8
BC17,May,Campanula rapunculoides,0
BC17,May,Carduus,2
BC17,May,Centaurea jacea,20.5
BC17,May,Centaurea scabiosa,7
BC17,May,Centaurea stoebe,0
BC17,May,Cerastium glomeratum,1.5
BC17,May,Cerastium semidecandrum,0.30000000000000004
BC17,May,Crataegus,0
BC17,May,Dactylis glomerata,2
BC17,May,Daucus carota,0.6
BC17,May,Echium vulgare,0
BC17,May,Elymus repens,0.5
BC17,May,Festuca pratensis,1
BC17,May,Festuca rubra,20
BC17,May,Geranium molle,3.5
BC17,May,Helichrysum arenarium,0
BC17,May,Hypericum perforatum,0
BC17,May,Hypochaeris radicata,5.5
BC17,May,Knautia arvense,8.5
BC17,May,Leontodon,0
BC17,May,Leontodon hispidus,3
BC17,May,Leucanthemum vulgare,5
BC17,May,Lolium perenne,1
BC17,May,Luzula campestris,2
BC17,May,Medicago lupulina,0.5
BC17,May,Medicago sativa,5
BC17,May,Myosotis ramosissima,0.30000000000000004
BC17,May,Phleum phleoides,0
BC17,May,Plantago lanceolata,17
BC17,May,Plantago media,1.5
BC17,May,Poa pratensis,3
BC17,May,Potentilla argentea,0
BC17,May,Potentilla reptans,1.5
BC17,May,Ranunculus acris,0
BC17,May,Rumex acetosa,2
BC17,May,Salvia pratensis,10
BC17,May,Sedum sexangulare,3.5
BC17,May,Taraxacum,1.3
BC17,May,Trifolium dubium,0.3
BC17,May,Trifolium pratensis,34
BC17,May,Trifolium repens,3.05
BC17,May,Trisetum flavescens,1
BC17,May,Veronica arvensis,0.13
BC17,May,Veronica chamaedrys,0
BC17,May,Vicia lathyroides,0.3
BC17,July,Acer,0.2
BC17,July,Achillea millefolium,13
BC17,July,Agrostis capillaris,19
BC17,July,Arenaria serpyllifolia,0.1
BC17,July,Bellis perennis,1.5
BC17,July,Bromus sterilis,0.6
BC17,July,Campanula rapunculoides,0
BC17,July,Carduus,0.5
BC17,July,Centaurea jacea,9
BC17,July,Centaurea scabiosa,5
BC17,July,Centaurea stoebe,0
BC17,July,Conyza canadensis,0
BC17,July,Crataegus,0
BC17,July,Crepis capillaris,0.7
BC17,July,Dactylis glomerata,3
BC17,July,Daucus carota,2
BC17,July,Echium vulgare,0
BC17,July,Elymus repens,0.5
BC17,July,Festuca ovina,0
BC17,July,Festuca pratensis,1
BC17,July,Festuca rubra,20
BC17,July,Geranium molle,0.3
BC17,July,Hypericum perforatum,0
BC17,July,Hypochaeris radicata,7
BC17,July,Knautia arvense,5
BC17,July,Leucanthemum vulgare,3
BC17,July,Lolium perenne,2.5
BC17,July,Luzula campestris,3
BC17,July,Medicago lupulina,0.01
BC17,July,Medicago sativa,3
BC17,July,Phleum phleoides,0
BC17,July,Plantago lanceolata,20
BC17,July,Plantago media,2.5
BC17,July,Poa pratensis,2
BC17,July,Potentilla argentea,0
BC17,July,Potentilla reptans,2.1
BC17,July,Ranunculus acris,0
BC17,July,Rumex acetosa,1
BC17,July,Salvia pratensis,10.5
BC17,July,Sedum sexangulare,12
BC17,July,Taraxacum,0.51
BC17,July,Trifolium arvense,0
BC17,July,Trifolium pratensis,45
BC17,July,Trifolium repens,4
BC17,July,Trisetum flavescens,0.5
BC17,September,Acer,0.51
BC17,September,Achillea millefolium,25
BC17,September,Agrostis capillaris,32
BC17,September,Arenaria serpyllifolia,0.1
BC17,September,Bellis perennis,0.5
BC17,September,Bromus sterilis,5.1
BC17,September,Campanula rapunculoides,0
BC17,September,Centaurea jacea,17
BC17,September,Centaurea scabiosa,7
BC17,September,Centaurea stoebe,0
BC17,September,Cerastium,0.01
BC17,September,Crataegus,0
BC17,September,Crepis capillaris,1.1
BC17,September,Dactylis glomerata,2
BC17,September,Daucus carota,4.5
BC17,September,Echium vulgare,1
BC17,September,Elymus repens,0.5
BC17,September,Festuca pratensis,1
BC17,September,Festuca rubra,15
BC17,September,Geranium molle,3.5
BC17,September,Hypericum perforatum,0
BC17,September,Hypochaeris radicata,4
BC17,September,Knautia arvense,5
BC17,September,Leontodon hispidus,2
BC17,September,Leucanthemum vulgare,4
BC17,September,Lolium perenne,5.1
BC17,September,Luzula campestris,6
BC17,September,Medicago lupulina,0
BC17,September,Medicago sativa,4
BC17,September,Myosotis ramosissima,0.01
BC17,September,Phleum phleoides,0
BC17,September,Plantago lanceolata,24
BC17,September,Plantago media,3
BC17,September,Poa pratensis,0.2
BC17,September,Polygonum aviculare,0.5
BC17,September,Potentilla argentea,0
BC17,September,Potentilla reptans,3.5
BC17,September,Ranunculus acris,0
BC17,September,Rumex acetosa,1
BC17,September,Salvia pratensis,15.5
BC17,September,Sedum sexangulare,10
BC17,September,Taraxacum,1
BC17,September,Trifolium dubium,0
BC17,September,Trifolium pratensis,53
BC17,September,Trifolium repens,1.5
BC17,September,Trisetum flavescens,1
BC17,September,Veronica arvensis,0.21000000000000002
BC17,September,Veronica chamaedrys,0
BC17,September,Vicia lathyroides,0
BC17,September,Vicia sativa,0
BC18,March,Acer,0.01
BC18,March,Achillea millefolium,0.5
BC18,March,Artemisia vulgaris,0.01
BC18,March,Bellis perennis,1
BC18,March,Cardamine hirsuta,0.1
BC18,March,Carex caryophyllea,0
BC18,March,Cerastium,0
BC18,March,Crepis capillaris,0.1
BC18,March,Dactylis glomerata,0.5
BC18,March,Erodium cicutarium,0
BC18,March,Festuca ovina,7
BC18,March,Festuca rubra,12
BC18,March,Ficaria verna,0.01
BC18,March,Galium album,0.001
BC18,March,Geranium molle,0.11
BC18,March,Holcus lanatus,0
BC18,March,Hypericum perforatum,0.1
BC18,March,Hypochaeris radicata,3
BC18,March,Lolium perenne,0.1
BC18,March,Oenothera biennis,0
BC18,March,Plantago lanceolata,5
BC18,March,Plantago media,0.5
BC18,March,Poa pratensis,0.1
BC18,March,Potentilla argentea,0.1
BC18,March,Rumex acetosa,0.5
BC18,March,Taraxacum,0.1
BC18,March,Trifolium dubium,0.01
BC18,March,Trifolium pratensis,16
BC18,March,Trifolium repens,3
BC18,March,Veronica arvensis,0.1
BC18,March,Veronica sublobata,0.001
BC18,March,Vicia sativa,6
BC18,May,Acer,0.51
BC18,May,Achillea millefolium,1
BC18,May,Artemisia vulgaris,1
BC18,May,Bellis perennis,3
BC18,May,Carex hirta,0.3
BC18,May,Cerastium glomeratum,0
BC18,May,Cerastium semidecandrum,0.1
BC18,May,Dactylis glomerata,0.2
BC18,May,Festuca ovina,7.5
BC18,May,Festuca rubra,5
BC18,May,Galium album,0.001
BC18,May,Geranium molle,0.30000000000000004
BC18,May,Holcus lanatus,0
BC18,May,Hypericum perforatum,0.3
BC18,May,Hypochaeris radicata,8
BC18,May,Lolium perenne,0.3
BC18,May,Luzula campestris,0
BC18,May,Medicago sativa,15
BC18,May,Oenothera biennis,0
BC18,May,Plantago lanceolata,15
BC18,May,Plantago media,0.3
BC18,May,Potentilla argentea,0.5
BC18,May,Rosaceae,0.2
BC18,May,Rumex acetosa,1
BC18,May,Sorbus aucuparia,0.2
BC18,May,Taraxacum,0.701
BC18,May,Trifolium dubium,0.7
BC18,May,Trifolium pratensis,19
BC18,May,Trifolium repens,0
BC18,May,Veronica arvensis,0.3
BC18,May,Vicia hirsuta,0.5
BC18,May,Vicia sativa,2.5
BC18,July,Acer,2
BC18,July,Achillea millefolium,6
BC18,July,Arenaria serpyllifolia,0.1
BC18,July,Artemisia vulgaris,4
BC18,July,Bellis perennis,1
BC18,July,Carex hirta,3
BC18,July,Conyza canadensis,0.1
BC18,July,Crepis capillaris,1
BC18,July,Dactylis glomerata,2
BC18,July,Erodium cicutarium,0
BC18,July,Festuca ovina,38
BC18,July,Festuca rubra,11
BC18,July,Geranium molle,0.35
BC18,July,Holcus lanatus,0
BC18,July,Hypericum perforatum,0.01
BC18,July,Hypochaeris radicata,13
BC18,July,Lolium perenne,0.01
BC18,July,Luzula campestris,0
BC18,July,Medicago lupulina,2
BC18,July,Medicago sativa,0
BC18,July,Melilotus albus,0.5
BC18,July,Melilotus officinalis,0.1
BC18,July,Oenothera biennis,0
BC18,July,Plantago lanceolata,25
BC18,July,Plantago media,0.5
BC18,July,Potentilla argentea,2
BC18,July,Rumex acetosa,4
BC18,July,Sorbus aucuparia,2.5
BC18,July,Taraxacum,3
BC18,July,Trifolium dubium,1
BC18,July,Trifolium pratensis,35
BC18,July,Trifolium repens,7
BC18,July,Veronica arvensis,0.001
BC18,July,Vicia hirsuta,0.001
BC18,July,Vicia lathyroides,0
BC18,July,Vicia sativa,0.1
BC18,September,Acer,0.51
BC18,September,Achillea millefolium,10
BC18,September,Arenaria serpyllifolia,0.1
BC18,September,Artemisia vulgaris,4
BC18,September,Bellis perennis,2
BC18,September,Berteroa incana,0
BC18,September,Betula pendula,0
BC18,September,Carex hirta,1.5
BC18,September,Cerastium holosteoides,0
BC18,September,Conyza canadensis,0.1
BC18,September,Crepis capillaris,0.3
BC18,September,Dactylis glomerata,2
BC18,September,Erigeron annuus,0
BC18,September,Erodium cicutarium,0
BC18,September,Festuca ovina,23
BC18,September,Festuca rubra,9
BC18,September,Geranium molle,2.1
BC18,September,Holcus lanatus,0
BC18,September,Hypericum perforatum,0.01
BC18,September,Hypochaeris radicata,15
BC18,September,Lolium perenne,0.3
BC18,September,Luzula campestris,0
BC18,September,Medicago lupulina,0.2
BC18,September,Medicago sativa,0.5
BC18,September,Melilotus albus,1
BC18,September,Melilotus officinalis,0.1
BC18,September,Oenothera biennis,0
BC18,September,Plantago lanceolata,12
BC18,September,Plantago media,0.5
BC18,September,Poa pratensis,0.1
BC18,September,Potentilla argentea,1
BC18,September,Rumex acetosa,3
BC18,September,Sorbus aucuparia,0.6
BC18,September,Stellaria media,0
BC18,September,Taraxacum,1.5
BC18,September,Trifolium dubium,0.1
BC18,September,Trifolium pratensis,60
BC18,September,Trifolium repens,3
BC18,September,Veronica arvensis,0.1
BC18,September,Vicia hirsuta,0.01
BC18,September,Vicia lathyroides,2
BC18,September,Vicia sativa,3.5
BC19,March,Acer,0.1
BC19,March,Agrostis capillaris,2
BC19,March,Bellis perennis,2
BC19,March,Cerastium holosteoides,0.2
BC19,March,Crepis capillaris,0.5
BC19,March,Festuca arundinacea,3
BC19,March,Festuca rubra,5
BC19,March,Holcus lanatus,1
BC19,March,Hypochaeris radicata,2
BC19,March,Luzula campestris,5
BC19,March,Pilosella officinarum,0
BC19,March,Plantago lanceolata,3
BC19,March,Plantago media,0
BC19,March,Poa trivialis,1
BC19,March,Potentilla reptans,0.1
BC19,March,Prunella vulgaris,3.1
BC19,March,Ranunculus repens,18
BC19,March,Trifolium pratensis,3.5
BC19,March,Trifolium repens,1
BC19,March,Veronica chamaedrys,0
BC19,May,Acer,1
BC19,May,Agrostis capillaris,8
BC19,May,Bellis perennis,9
BC19,May,Cerastium holosteoides,2
BC19,May,Crepis capillaris,2
BC19,May,Dactylis glomerata,5
BC19,May,Equisetum arvense,1
BC19,May,Festuca arundinacea,10.1
BC19,May,Festuca rubra,25
BC19,May,Holcus lanatus,7
BC19,May,Hypochaeris radicata,11
BC19,May,Leontodon,0
BC19,May,Luzula campestris,6
BC19,May,Pilosella officinarum,0.5
BC19,May,Plantago lanceolata,35
BC19,May,Plantago media,0
BC19,May,Poa pratensis,1.5
BC19,May,Poa trivialis,11
BC19,May,Potentilla reptans,5
BC19,May,Prunella vulgaris,10
BC19,May,Ranunculus repens,70
BC19,May,Trifolium pratensis,40
BC19,May,Trifolium repens,8
BC19,May,Veronica chamaedrys,0
BC19,July,Agrostis capillaris,3.5
BC19,July,Bellis perennis,2.5
BC19,July,Cerastium holosteoides,0.6
BC19,July,Crepis capillaris,0.6
BC19,July,Dactylis glomerata,2
BC19,July,Equisetum arvense,0.5
BC19,July,Festuca arundinacea,5.5
BC19,July,Festuca rubra,5
BC19,July,Holcus lanatus,2
BC19,July,Hypochaeris radicata,5
BC19,July,Luzula campestris,3.2
BC19,July,Pilosella officinarum,0.5
BC19,July,Plantago lanceolata,33
BC19,July,Plantago media,0
BC19,July,Poa pratensis,0.5
BC19,July,Poa trivialis,0.1
BC19,July,Potentilla reptans,3
BC19,July,Prunella vulgaris,12
BC19,July,Ranunculus repens,40
BC19,July,Trifolium pratensis,20
BC19,July,Trifolium repens,9
BC19,July,Veronica chamaedrys,0
BC19,September,Agrostis capillaris,17
BC19,September,Bellis perennis,4
BC19,September,Cerastium,0.01
BC19,September,Cerastium holosteoides,0.6
BC19,September,Crepis capillaris,0.2
BC19,September,Dactylis glomerata,4
BC19,September,Festuca arundinacea,2.5
BC19,September,Festuca rubra,13
BC19,September,Holcus lanatus,3
BC19,September,Hypochaeris radicata,8
BC19,September,Luzula campestris,7
BC19,September,Pilosella officinarum,1
BC19,September,Plantago lanceolata,30
BC19,September,Plantago media,0
BC19,September,Poa pratensis,0.5
BC19,September,Potentilla reptans,2
BC19,September,Prunella vulgaris,15
BC19,September,Ranunculus repens,30
BC19,September,Trifolium pratensis,13
BC19,September,Trifolium repens,13
BC19,September,Veronica chamaedrys,0
BC20,March,Abies concolor,0.1
BC20,March,Acer,0.6
BC20,March,Achillea millefolium,4
BC20,March,Agrostis capillaris,10
BC20,March,Arenaria serpyllifolia,0.2
BC20,March,Bellis perennis,1
BC20,March,Bromus sterilis,2
BC20,March,Campanula rapunculoides,0
BC20,March,Cardamine hirsuta,0.2
BC20,March,Centaurea jacea,0
BC20,March,Centaurea stoebe,0
BC20,March,Cerastium holosteoides,1.5
BC20,March,Cerastium semidecandrum,1
BC20,March,Corydalis solida,0.51
BC20,March,Crepis capillaris,1.5
BC20,March,Dactylis glomerata,1
BC20,March,Draba verna,0
BC20,March,Festuca rubra,35
BC20,March,Ficaria verna,0
BC20,March,Hypochaeris radicata,5
BC20,March,Lolium perenne,6
BC20,March,Luzula campestris,33
BC20,March,Medicago sativa,0
BC20,March,Myosotis,0.1
BC20,March,Pilosella officinarum,5
BC20,March,Plantago lanceolata,9
BC20,March,Poa pratensis,2
BC20,March,Rumex acetosa,0.6
BC20,March,Rumex acetosella,2.5
BC20,March,Scilla siberica,2.5
BC20,March,Taraxacum,0.5
BC20,March,Trifolium dubium,2
BC20,March,Trifolium pratensis,15
BC20,March,Trisetum flavescens,0
BC20,March,Veronica arvensis,0.5
BC20,March,Veronica chamaedrys,3
BC20,March,Veronica sublobata,0
BC20,March,Vicia hirsuta,6
BC20,March,Vicia lathyroides,7
BC20,May,Abies concolor,0.01
BC20,May,Acer,0.6
BC20,May,Achillea millefolium,15
BC20,May,Agrostis capillaris,13
BC20,May,Arenaria serpyllifolia,0.51
BC20,May,Artemisia vulgaris,0
BC20,May,Bellis perennis,0.5
BC20,May,Bromus mollis,0.1
BC20,May,Bromus sterilis,0.5
BC20,May,Campanula rapunculoides,0.5
BC20,May,Carex caryophyllea,0.5
BC20,May,Centaurea jacea,0
BC20,May,Centaurea stoebe,0
BC20,May,Cerastium holosteoides,3.1
BC20,May,Cerastium semidecandrum,0.11
BC20,May,Crepis capillaris,0.21000000000000002
BC20,May,Dactylis glomerata,0.5
BC20,May,Festuca ovina,0
BC20,May,Festuca rubra,33
BC20,May,Hypochaeris radicata,9
BC20,May,Leontodon,0
BC20,May,Lolium perenne,1.5
BC20,May,Luzula campestris,10
BC20,May,Medicago lupulina,0.5
BC20,May,Medicago sativa,0
BC20,May,Myosotis,0.1
BC20,May,Pilosella officinarum,5
BC20,May,Plantago lanceolata,13
BC20,May,Poa pratensis,0.6
BC20,May,Rumex acetosa,2.5
BC20,May,Rumex acetosella,4
BC20,May,Taraxacum,0.1
BC20,May,Trifolium dubium,4
BC20,May,Trifolium pratensis,20.2
BC20,May,Trisetum flavescens,0
BC20,May,Veronica arvensis,0.51
BC20,May,Veronica chamaedrys,4
BC20,May,Vicia hirsuta,23
BC20,May,Vicia lathyroides,2
BC20,July,Acer,0.01
BC20,July,Achillea millefolium,8
BC20,July,Agrostis capillaris,10
BC20,July,Arenaria serpyllifolia,0.21000000000000002
BC20,July,Artemisia vulgaris,0
BC20,July,Bellis perennis,0.1
BC20,July,Campanula rapunculoides,0
BC20,July,Carex caryophyllea,0.2
BC20,July,Centaurea jacea,0
BC20,July,Centaurea stoebe,0
BC20,July,Cerastium holosteoides,0.1
BC20,July,Conyza canadensis,0
BC20,July,Crepis capillaris,0.01
BC20,July,Dactylis glomerata,1.5
BC20,July,Festuca ovina,1
BC20,July,Festuca rubra,12
BC20,July,Herniaria glabra,0
BC20,July,Hypochaeris radicata,7
BC20,July,Leontodon,0
BC20,July,Lolium perenne,0.7
BC20,July,Luzula campestris,9
BC20,July,Medicago sativa,0
BC20,July,Pilosella officinarum,10
BC20,July,Plantago lanceolata,13
BC20,July,Poa pratensis,4
BC20,July,Rumex acetosa,2.5
BC20,July,Rumex acetosella,0.8
BC20,July,Setaria viridis,0
BC20,July,Taraxacum,0.6
BC20,July,Trifolium dubium,0.02
BC20,July,Trifolium pratensis,20.1
BC20,July,Trisetum flavescens,0
BC20,July,Veronica chamaedrys,5
BC20,July,Vicia hirsuta,0.51
BC20,September,Achillea millefolium,20
BC20,September,Agrostis capillaris,20
BC20,September,Arenaria serpyllifolia,2.5
BC20,September,Bellis perennis,1.1
BC20,September,Bromus mollis,0.2
BC20,September,Campanula rapunculoides,0.5
BC20,September,Carex caryophyllea,1
BC20,September,Centaurea jacea,0
BC20,September,Centaurea stoebe,0
BC20,September,Cerastium,0.1
BC20,September,Crepis capillaris,0.2
BC20,September,Dactylis glomerata,0.5
BC20,September,Festuca ovina,0.5
BC20,September,Festuca rubra,28
BC20,September,Hypochaeris radicata,7
BC20,September,Lolium perenne,1.5
BC20,September,Luzula campestris,36
BC20,September,Pilosella officinarum,13
BC20,September,Plantago lanceolata,17
BC20,September,Poa pratensis,0.6
BC20,September,Rumex acetosa,3
BC20,September,Rumex acetosella,3
BC20,September,Setaria viridis,0
BC20,September,Taraxacum,1.1
BC20,September,Trifolium dubium,5
BC20,September,Trifolium pratensis,18.3
BC20,September,Trisetum flavescens,0
BC20,September,Veronica chamaedrys,5
BC20,September,Veronica sublobata,0.11
BC20,September,Vicia hirsuta,0.5
BC20,September,Vicia lathyroides,2.5
