PlotNo,MowFreq,MonthLabel,Subplot,Achillea millefolium,Agrostis capillaris,Bellis perennis,Carex hirta,Crepis capillaris,Festuca ovina,Geranium molle,Holcus lanatus,Hypochaeris radicata,Plantago lanceolata,Poa compressa,Robinia pseudoacacie seedling,Rumex acetosa,Vicia lathyroides,Festuca rubra,Pilosella officinarum,Trifolium pratensis,Trifolium repens,Trifolium dubium,Cerastium holosteoides,Bromus mollis,Veronica arvensis,Arenaria serpyllifolia,Stellaria media,Berteroa incana,Daucus carota,Echium vulgare,Erodium cicutarium,Geum,Medicago sativa,Poa pratensis,Sedum acre,Solidago canadensis,Tanacetum vulgare,Vicia sativa,Artemisia absinthium,Medicago lupulina,Cardamine hirsuta,Cerastium semidecandrum,Potentilla argentea,Senecio vulgaris,Bromus sterilis,Taraxacum,Setaria viridis,Artemisia vulgaris,Diplotaxis,Elymus repens,Erodium ciconium,Lamium purpureum,Potentilla reptans,Lolium perenne,Myosotis ramosissima,Valerianella locusta,Veronica persica,Scilla bifolia,Hypericum perforatum,Acer seedling,Anchusa officinalis,Centaurea jacea,Festuca arundinacea,Luzula campestris,Oxalis dillenii,Vicia cracca,Carex muricata,Dactylis glomerata,Myosotis,Draba verna,Valerianella,Vicia angustifolia,Centaurea stoebe,Jacobaea vulgaris (Senecio jacobaea),Leucanthemum vulgare,Malva,Phleum phleoides,Rumex acetosella,Salvia pratensis,Trifolium arvense,Carduus,Vicia hirsuta,Cerastium glomeratum,Galanthus,Helichrysum,Knautia arvense,Veronica chamaedrys,Centaurea cyanus,Trifolium campestre,Trifolium incarnatum,Holcus,Prunus seedling,Astragalus,Convolvulus arvensis,Plantago media,Asteracea,Cerastium glutinosum,Poa bulbosa,Scabiosa,Arrhenatherum elatius,Festuca pratensis,Artemisia campestris,Digitaria,Medicago minima,Setaria,Conyza canadensis,Herniaria glabra,Oenothera,Sedum album,Holosteum umbellatum,Medicago,Saxifraga tridactylites,Veronica polita,Erigeron annuus,Tragopogon,Cerastium,Poa annua,Thlaspi perfoliatum,Arabidopsis thaliana,Eragrostis minor,Equisetum arvense,Arctium tomentosum,Carduus nutans,Helianthus tuberosus,Calamagrostis,Carex,Potentilla verna,Saponaria officinalis,Veronica sublobata,Vicia villosa,Crepis biennis,Melilotus albus,Leontodon autumnalis,Veronica serpyllifolia,Aegopodium podagraria,Geum urbanum,Crocus,Quercus robur,Rosette sp.,Lotus corniculatus,Ulmus seedling,Ornithopus perpusillus,Carex caryophyllea,Corydalis,Scilla siberica,Trisetum flavescens,Oxalis,Corydalis solida,Leontodon,Narcissus,Sedum sexangulare,Centaurea scabiosa,Helichrysum arenarium,Prunus,Hypochaeris uniflora,Polygonum aviculare,Melilotus officinalis,Sorbus tree,Ficaria verna,Galium album,Rosaceae sp.,Poa trivialis,Prunella vulgaris,Ranunculus repens,Abies concolor,Campanula rapunculoides
BC01,regular,July,NW,15,30,0.5,0.5,0.5,3,0.3,2,2,7,0.1,5,0.1,0.01,0,0,0,0,0,0,0,0,0,0,0,0,0,0,0,0,0,0,0,0,0,0,0,0,0,0,0,0,0,0,0,0,0,0,0,0,0,0,0,0,0,0,0,0,0,0,0,0,0,0,0,0,0,0,0,0,0,0,0,0,0,0,0,0,0,0,0,0,0,0,0,0,0,0,0,0,0,0,0,0,0,0,0,0,0,0,0,0,0,0,0,0,0,0,0,0,0,0,0,0,0,0,0,0,0,0,0,0,0,0,0,0,0,0,0,0,0,0,0,0,0,0,0,0,0,0,0,0,0,0,0,0,0,0,0,0,0,0,0,0,0,0,0,0,0,0,0,0,0
BC01,regular,July,SE,0,30,0,1,0,0,0.5,5,2,1,2,0,25,0,15,15,8,4,0,0,0,0,0,0,0,0,0,0,0,0,0,0,0,0,0,0,0,0,0,0,0,0,0,0,0,0,0,0,0,0,0,0,0,0,0,0,0,0,0,0,0,0,0,0,0,0,0,0,0,0,0,0,0,0,0,0,0,0,0,0,0,0,0,0,0,0,0,0,0,0,0,0,0,0,0,0,0,0,0,0,0,0,0,0,0,0,0,0,0,0,0,0,0,0,0,0,0,0,0,0,0,0,0,0,0,0,0,0,0,0,0,0,0,0,0,0,0,0,0,0,0,0,0,0,0,0,0,0,0,0,0,0,0,0,0,0,0,0,0,0,0,0,0
BC01,regular,March,NW,5,25,5,0,0.5,7,0.3,3,0.5,5,0.1,0,3,0,0,0.2,0,0,0.5,0,0,0,0,0,0,0,0,0,0,0,0,0,0,0,0,0,0,0,0,0,0,0,0,0,0,0,0,0,0,0,0,0,0,0,0,0,0,0,0,0,0,0,0,0,0,0,0,0,0,0,0,0,0,0,0,0,0,0,0,0,0,0,0,0,0,0,0,0,0,0,0,0,0,0,0,0,0,0,0,0,0,0,0,0,0,0,0,0,0,0,0,0,0,0,0,0,0,0,0,0,0,0,0,0,0,0,0,0,0,0,0,0,0,0,0,0,0,0,0,0,0,0,0,0,0,0,0,0,0,0,0,0,0,0,0,0,0,0,0,0,0,0,0
BC01,regular,March,SE,0,15,0.5,0,0,0,0.1,2,1,1,0.5,0,5,0,15,7,1,10,0.5,0.01,0,0,0,0,0,0,0,0,0,0,0,0,0,0,0,0,0,0,0,0,0,0,0,0,0,0,0,0,0,0,0,0,0,0,0,0,0,0,0,0,0,0,0,0,0,0,0,0,0,0,0,0,0,0,0,0,0,0,0,0,0,0,0,0,0,0,0,0,0,0,0,0,0,0,0,0,0,0,0,0,0,0,0,0,0,0,0,0,0,0,0,0,0,0,0,0,0,0,0,0,0,0,0,0,0,0,0,0,0,0,0,0,0,0,0,0,0,0,0,0,0,0,0,0,0,0,0,0,0,0,0,0,0,0,0,0,0,0,0,0,0,0,0
BC01,regular,May,NW,15,20,3,3,1,10,2,7,5,8,1,0,10,1,0,0,0,0,5,0,3,0.001,0,0,0,0,0,0,0,0,0,0,0,0,0,0,0,0,0,0,0,0,0,0,0,0,0,0,0,0,0,0,0,0,0,0,0,0,0,0,0,0,0,0,0,0,0,0,0,0,0,0,0,0,0,0,0,0,0,0,0,0,0,0,0,0,0,0,0,0,0,0,0,0,0,0,0,0,0,0,0,0,0,0,0,0,0,0,0,0,0,0,0,0,0,0,0,0,0,0,0,0,0,0,0,0,0,0,0,0,0,0,0,0,0,0,0,0,0,0,0,0,0,0,0,0,0,0,0,0,0,0,0,0,0,0,0,0,0,0,0,0,0
BC01,regular,May,SE,0,17,3,1,1,0,1,10,1,1,2,0,15,0,20,10,5,20,3,0.5,2,0,0,0,0,0,0,0,0,0,0,0,0,0,0,0,0,0,0,0,0,0,0,0,0,0,0,0,0,0,0,0,0,0,0,0,0,0,0,0,0,0,0,0,0,0,0,0,0,0,0,0,0,0,0,0,0,0,0,0,0,0,0,0,0,0,0,0,0,0,0,0,0,0,0,0,0,0,0,0,0,0,0,0,0,0,0,0,0,0,0,0,0,0,0,0,0,0,0,0,0,0,0,0,0,0,0,0,0,0,0,0,0,0,0,0,0,0,0,0,0,0,0,0,0,0,0,0,0,0,0,0,0,0,0,0,0,0,0,0,0,0,0
BC01,regular,September,NW,17,30,2,2,0.5,5,5,3,2,10,0.1,0,6,1,0,0,0,0,5,0,0.5,0,0.01,0,0,0,0,0,0,0,0,0,0,0,0,0,0,0,0,0,0,0,0,0,0,0,0,0,0,0,0,0,0,0,0,0,0,0,0,0,0,0,0,0,0,0,0,0,0,0,0,0,0,0,0,0,0,0,0,0,0,0,0,0,0,0,0,0,0,0,0,0,0,0,0,0,0,0,0,0,0,0,0,0,0,0,0,0,0,0,0,0,0,0,0,0,0,0,0,0,0,0,0,0,0,0,0,0,0,0,0,0,0,0,0,0,0,0,0,0,0,0,0,0,0,0,0,0,0,0,0,0,0,0,0,0,0,0,0,0,0,0,0
BC01,regular,September,SE,0,25,3,3,0.1,0,5,8,4,3,5,0,12,0.1,30,9,3,7,1,0,0,0,0,0.5,0,0,0,0,0,0,0,0,0,0,0,0,0,0,0,0,0,0,0,0,0,0,0,0,0,0,0,0,0,0,0,0,0,0,0,0,0,0,0,0,0,0,0,0,0,0,0,0,0,0,0,0,0,0,0,0,0,0,0,0,0,0,0,0,0,0,0,0,0,0,0,0,0,0,0,0,0,0,0,0,0,0,0,0,0,0,0,0,0,0,0,0,0,0,0,0,0,0,0,0,0,0,0,0,0,0,0,0,0,0,0,0,0,0,0,0,0,0,0,0,0,0,0,0,0,0,0,0,0,0,0,0,0,0,0,0,0,0,0
BC02,reduced,July,NW,2,0,0,0.5,0,0,1,0,0,1,0,0,0.5,0,1,0,0,0,0,0,0,0,0,0,10,0.1,3,1,0.01,15,2,3,40,3,0.5,0,0,0,0,0,0,0,0,0,0,0,0,0,0,0,0,0,0,0,0,0,0,0,0,0,0,0,0,0,0,0,0,0,0,0,0,0,0,0,0,0,0,0,0,0,0,0,0,0,0,0,0,0,0,0,0,0,0,0,0,0,0,0,0,0,0,0,0,0,0,0,0,0,0,0,0,0,0,0,0,0,0,0,0,0,0,0,0,0,0,0,0,0,0,0,0,0,0,0,0,0,0,0,0,0,0,0,0,0,0,0,0,0,0,0,0,0,0,0,0,0,0,0,0,0,0,0,0
BC02,reduced,July,SE,8,0,0,0,2,0,0.5,0,0,3,0,0,30,0,3,0,0,0,0,0,0,0,1,0,20,0,10,6,0,0,1,13,0,0,0.3,6,4,0,0,0,0,0,0,0,0,0,0,0,0,0,0,0,0,0,0,0,0,0,0,0,0,0,0,0,0,0,0,0,0,0,0,0,0,0,0,0,0,0,0,0,0,0,0,0,0,0,0,0,0,0,0,0,0,0,0,0,0,0,0,0,0,0,0,0,0,0,0,0,0,0,0,0,0,0,0,0,0,0,0,0,0,0,0,0,0,0,0,0,0,0,0,0,0,0,0,0,0,0,0,0,0,0,0,0,0,0,0,0,0,0,0,0,0,0,0,0,0,0,0,0,0,0,0
BC02,reduced,March,NW,2,0,0,0.2,0,0,10,0,0,0.2,0,0,0.2,0,3,0,0,0,0,0,0,1,0,0.5,0.7,0.2,0.01,0.3,0,1,5,5,2,1,20,0.01,0,0.5,1,0.001,0.1,0,0,0,0,0,0,0,0,0,0,0,0,0,0,0,0,0,0,0,0,0,0,0,0,0,0,0,0,0,0,0,0,0,0,0,0,0,0,0,0,0,0,0,0,0,0,0,0,0,0,0,0,0,0,0,0,0,0,0,0,0,0,0,0,0,0,0,0,0,0,0,0,0,0,0,0,0,0,0,0,0,0,0,0,0,0,0,0,0,0,0,0,0,0,0,0,0,0,0,0,0,0,0,0,0,0,0,0,0,0,0,0,0,0,0,0,0,0,0,0,0,0
BC02,reduced,March,SE,2,0,0.1,0,0.01,0,3,0,0,3,0,0,10,0,2,0,0,0,0,0,0,1,0.5,0,0.1,0.1,0,0.5,0,0,0.2,7,0,0,30,0.1,0,0.01,0.1,0.1,0,0.01,0.01,0,0,0,0,0,0,0,0,0,0,0,0,0,0,0,0,0,0,0,0,0,0,0,0,0,0,0,0,0,0,0,0,0,0,0,0,0,0,0,0,0,0,0,0,0,0,0,0,0,0,0,0,0,0,0,0,0,0,0,0,0,0,0,0,0,0,0,0,0,0,0,0,0,0,0,0,0,0,0,0,0,0,0,0,0,0,0,0,0,0,0,0,0,0,0,0,0,0,0,0,0,0,0,0,0,0,0,0,0,0,0,0,0,0,0,0,0,0,0,0
BC02,reduced,May,NW,5,0,0,1,0,0,5,0,0,1,0,0,2,0,3,0,0,0,0,0,0,10,0,0,3,0.5,0,1,0.1,8,1,5,20,5,20,2,0,0,1,0,0,0,0,0,0,0,0,0,0,0,0,0,0,0,0,0,0,0,0,0,0,0,0,0,0,0,0,0,0,0,0,0,0,0,0,0,0,0,0,0,0,0,0,0,0,0,0,0,0,0,0,0,0,0,0,0,0,0,0,0,0,0,0,0,0,0,0,0,0,0,0,0,0,0,0,0,0,0,0,0,0,0,0,0,0,0,0,0,0,0,0,0,0,0,0,0,0,0,0,0,0,0,0,0,0,0,0,0,0,0,0,0,0,0,0,0,0,0,0,0,0,0,0
BC02,reduced,May,SE,2,0,0,0,1,0,10,0,0,7,0,0,15,0,5,0,0,0,0,0,0,1,5,0,3,2,8,1,0,0,0.5,15,0,0,30,1,1,0,1,2,0,0,2,0,0,0,0,0,0,0,0,0,0,0,0,0,0,0,0,0,0,0,0,0,0,0,0,0,0,0,0,0,0,0,0,0,0,0,0,0,0,0,0,0,0,0,0,0,0,0,0,0,0,0,0,0,0,0,0,0,0,0,0,0,0,0,0,0,0,0,0,0,0,0,0,0,0,0,0,0,0,0,0,0,0,0,0,0,0,0,0,0,0,0,0,0,0,0,0,0,0,0,0,0,0,0,0,0,0,0,0,0,0,0,0,0,0,0,0,0,0,0,0
BC02,reduced,September,NW,3,0,0,2,0,0,1,0,0,3,0,0,0.5,0.1,1,0,0,0,0,0,0,0.01,0.01,0,5,2,15,1,0.01,7,4,3,60,2,0.5,0,0,0,0,0,0,0,0,0,0,0,0,0,0,0,0,0,0,0,0,0,0,0,0,0,0,0,0,0,0,0,0,0,0,0,0,0,0,0,0,0,0,0,0,0,0,0,0,0,0,0,0,0,0,0,0,0,0,0,0,0,0,0,0,0,0,0,0,0,0,0,0,0,0,0,0,0,0,0,0,0,0,0,0,0,0,0,0,0,0,0,0,0,0,0,0,0,0,0,0,0,0,0,0,0,0,0,0,0,0,0,0,0,0,0,0,0,0,0,0,0,0,0,0,0,0,0,0
BC02,reduced,September,SE,7,0,0,0,5,0,0,0,0,12,0,0,30,1,3,0,0,0,0,0,0,0.5,1,0,2,3,3,3,0,0,2,10,0,0,15,20,0,0,0,3,0,2,3,0.1,0,0,0,0,0,0,0,0,0,0,0,0,0,0,0,0,0,0,0,0,0,0,0,0,0,0,0,0,0,0,0,0,0,0,0,0,0,0,0,0,0,0,0,0,0,0,0,0,0,0,0,0,0,0,0,0,0,0,0,0,0,0,0,0,0,0,0,0,0,0,0,0,0,0,0,0,0,0,0,0,0,0,0,0,0,0,0,0,0,0,0,0,0,0,0,0,0,0,0,0,0,0,0,0,0,0,0,0,0,0,0,0,0,0,0,0,0,0,0
BC03,reduced,July,NW,1,10,0,0,0,3,1,0,0,2,0,0,0,0,6,0,0,0,0,0,0,0.1,0,0.01,17,6,0.5,0,0,25,0,0,0,0,0.2,0,0,0,0,3,0,0.2,2,0,3,2,15,0.5,0.1,3,0,0,0,0,0,0,0,0,0,0,0,0,0,0,0,0,0,0,0,0,0,0,0,0,0,0,0,0,0,0,0,0,0,0,0,0,0,0,0,0,0,0,0,0,0,0,0,0,0,0,0,0,0,0,0,0,0,0,0,0,0,0,0,0,0,0,0,0,0,0,0,0,0,0,0,0,0,0,0,0,0,0,0,0,0,0,0,0,0,0,0,0,0,0,0,0,0,0,0,0,0,0,0,0,0,0,0,0,0,0,0,0,0
BC03,reduced,July,SE,0,20,0,0,0,5,0.1,0,0.01,4,0,0,0,0,25,0,0,1,0,0,0,0,0,0,3,1,0,0.01,0,30,0,0,0,0,0.5,0,0,0,0,0,0,0.01,5,0,0.01,0,0,0,0,5,2,0,0,0,0,0,0,0,0,0,0,0,0,0,0,0,0,0,0,0,0,0,0,0,0,0,0,0,0,0,0,0,0,0,0,0,0,0,0,0,0,0,0,0,0,0,0,0,0,0,0,0,0,0,0,0,0,0,0,0,0,0,0,0,0,0,0,0,0,0,0,0,0,0,0,0,0,0,0,0,0,0,0,0,0,0,0,0,0,0,0,0,0,0,0,0,0,0,0,0,0,0,0,0,0,0,0,0,0,0,0,0,0
BC03,reduced,March,NW,5,0,0,0,0.1,7,2,0,0,0.3,0,0,0,0,1,0,0,0,0.01,0,0,0,0,0.8,0.3,3,0,0,0,4,0,0,0,0,0.5,0,0,0.5,0,0.5,0,7,0.2,0,0.2,0,0,0,60,0.1,10,0.01,1,5,0,0,0,0,0,0,0,0,0,0,0,0,0,0,0,0,0,0,0,0,0,0,0,0,0,0,0,0,0,0,0,0,0,0,0,0,0,0,0,0,0,0,0,0,0,0,0,0,0,0,0,0,0,0,0,0,0,0,0,0,0,0,0,0,0,0,0,0,0,0,0,0,0,0,0,0,0,0,0,0,0,0,0,0,0,0,0,0,0,0,0,0,0,0,0,0,0,0,0,0,0,0,0,0,0,0,0,0,0
BC03,reduced,March,SE,0,3,0,0,0,40,0.01,0,0.5,5,0,0,0,0,2,0,0,0,0,0,0,0,0,5,0,1,0,0,0,2,0,0,0,0,2,0,1,0.5,0,0,0,5,2,0,0.1,0,0,0,15,1,11,0,1,0,1,0,0,0,0,0,0,0,0,0,0,0,0,0,0,0,0,0,0,0,0,0,0,0,0,0,0,0,0,0,0,0,0,0,0,0,0,0,0,0,0,0,0,0,0,0,0,0,0,0,0,0,0,0,0,0,0,0,0,0,0,0,0,0,0,0,0,0,0,0,0,0,0,0,0,0,0,0,0,0,0,0,0,0,0,0,0,0,0,0,0,0,0,0,0,0,0,0,0,0,0,0,0,0,0,0,0,0,0
BC03,reduced,May,NW,7,7,0,0,0.01,5,2,0,0.5,3,0,0,0,0,15,0,0,0.5,0,0,0,0.01,0.1,0,2,7,0,0,0,35,0.5,0,0,0,5,0,0,0,0,1,0,35,1,0,3,1,1,0,0,3,3,0,0,0.1,0,0.5,0,0,0,0,0,0,0,0,0,0,0,0,0,0,0,0,0,0,0,0,0,0,0,0,0,0,0,0,0,0,0,0,0,0,0,0,0,0,0,0,0,0,0,0,0,0,0,0,0,0,0,0,0,0,0,0,0,0,0,0,0,0,0,0,0,0,0,0,0,0,0,0,0,0,0,0,0,0,0,0,0,0,0,0,0,0,0,0,0,0,0,0,0,0,0,0,0,0,0,0,0,0,0,0,0,0,0
BC03,reduced,May,SE,0,20,0,0,0,10,2,0,1,5,0,0,0,0,17,0,0,0.5,0,0,0,0.1,0,0,2,5,0,0,0,20,0,0,0,0,5,0,1,0,0,0,0,3,3,0,1,0,0,0,0,5,2,0,0,0,0,0,0,0,0,0,0,0,0,0,0,0,0,0,0,0,0,0,0,0,0,0,0,0,0,0,0,0,0,0,0,0,0,0,0,0,0,0,0,0,0,0,0,0,0,0,0,0,0,0,0,0,0,0,0,0,0,0,0,0,0,0,0,0,0,0,0,0,0,0,0,0,0,0,0,0,0,0,0,0,0,0,0,0,0,0,0,0,0,0,0,0,0,0,0,0,0,0,0,0,0,0,0,0,0,0,0,0,0
BC03,reduced,September,NW,3,15,0,0,0,3,2,0,0.1,2,0,0,0,0,5,0,0,0,0,0,0,0.5,0.1,0.5,5,1,0,0,0,30,0.1,0,0,0,0.5,0,0,0,0,3,0,0,1,0,1,3,2,0,10,3,2,0,0,0,0,0,0,0,0,0,0,0,0,0,0,0,0,0,0,0,0,0,0,0,0,0,0,0,0,0,0,0,0,0,0,0,0,0,0,0,0,0,0,0,0,0,0,0,0,0,0,0,0,0,0,0,0,0,0,0,0,0,0,0,0,0,0,0,0,0,0,0,0,0,0,0,0,0,0,0,0,0,0,0,0,0,0,0,0,0,0,0,0,0,0,0,0,0,0,0,0,0,0,0,0,0,0,0,0,0,0,0,0
BC03,reduced,September,SE,0,15,0,0,0,6,3,0,0,3,0,0,0,0,25,0,0,1,0,0,0,0,0,2,4,0.5,0,0.1,0,15,0,0,0,0,4,0,0,0,0,0,0,3,15,0,0,0,0,0,2,3,3,0,0,0,0,0,0,0,0,0,0,0,0,0,0,0,0,0,0,0,0,0,0,0,0,0,0,0,0,0,0,0,0,0,0,0,0,0,0,0,0,0,0,0,0,0,0,0,0,0,0,0,0,0,0,0,0,0,0,0,0,0,0,0,0,0,0,0,0,0,0,0,0,0,0,0,0,0,0,0,0,0,0,0,0,0,0,0,0,0,0,0,0,0,0,0,0,0,0,0,0,0,0,0,0,0,0,0,0,0,0,0,0
BC04,regular,July,NW,20,0,3,0,0.5,5,0.5,0,10,10,0,0,2,0,15,0,1,10,0,0,0,0,0,0,0,0,0,0,0,12,0.5,0,0,0,0.01,0,4,0,0,0,0,0,7,0,0,0,0,0,0,0,0.1,0,0,0,0,1,0.01,1,2,3,0.5,0.01,0.01,0,0,0,0,0,0,0,0,0,0,0,0,0,0,0,0,0,0,0,0,0,0,0,0,0,0,0,0,0,0,0,0,0,0,0,0,0,0,0,0,0,0,0,0,0,0,0,0,0,0,0,0,0,0,0,0,0,0,0,0,0,0,0,0,0,0,0,0,0,0,0,0,0,0,0,0,0,0,0,0,0,0,0,0,0,0,0,0,0,0,0,0,0,0,0,0,0,0,0,0
BC04,regular,July,SE,25,0,0.5,3,0,2,0,0,3,8,0,0,2,0,9,0,3,3,0,0,0,0,0,0,0,0,0,0,0,1,0,2,0,0,0,0,6,0,0,0,0,0,3,0,0,0,0,0,0,0,0,0,0,0,0,0,0,0,0,4,0,0,0,0.5,2,0,0,0,0,0,0,0,0,0,0,0,0,0,0,0,0,0,0,0,0,0,0,0,0,0,0,0,0,0,0,0,0,0,0,0,0,0,0,0,0,0,0,0,0,0,0,0,0,0,0,0,0,0,0,0,0,0,0,0,0,0,0,0,0,0,0,0,0,0,0,0,0,0,0,0,0,0,0,0,0,0,0,0,0,0,0,0,0,0,0,0,0,0,0,0,0,0,0
BC04,regular,March,NW,2,0,0.5,0,0,0,0.5,0,7,1,0,0,1,0,15,0,0.1,15,0,0,0,0.01,0,0,0,0,0,0,0,0,1,0,0,0,0,0,0.5,0,0,0,0,0,3,0,0,0,0,0,0,0,5,0,0,0,0,0.01,0,0,0,3.5,0.1,0,0.2,0,0,0.1,0,0,0,0,0,0,0,0,0,0,0,0,0,0,0,0,0,0,0,0,0,0,0,0,0,0,0,0,0,0,0,0,0,0,0,0,0,0,0,0,0,0,0,0,0,0,0,0,0,0,0,0,0,0,0,0,0,0,0,0,0,0,0,0,0,0,0,0,0,0,0,0,0,0,0,0,0,0,0,0,0,0,0,0,0,0,0,0,0,0,0,0,0,0,0,0,0
BC04,regular,March,SE,12,0.1,0.5,0,0,2,0.05,0,2,5,0,0,0.3,0.5,15,0.05,5,7,0,0.1,0,0,0,0,0,0,0,0,0,0.2,2,0.2,0,0,0,0,0.1,0,0,0,0,0,0.05,0,0,0,0,0,0,0,2,0,0,0,0,0,0,0,0,1,0.2,0,0.2,0,0.5,0,0.1,0,0,0,0,0,0,0,0,0,0,0,0,0,0,0,0,0,0,0,0,0,0,0,0,0,0,0,0,0,0,0,0,0,0,0,0,0,0,0,0,0,0,0,0,0,0,0,0,0,0,0,0,0,0,0,0,0,0,0,0,0,0,0,0,0,0,0,0,0,0,0,0,0,0,0,0,0,0,0,0,0,0,0,0,0,0,0,0,0,0,0,0,0,0,0,0
BC04,regular,May,NW,5,0,2,0,0,1,2,0,17,2,0,0,0.5,1,10,0.001,0.01,20,0.1,0,0,0.01,0,0,0,0,0,0,0,1,0.1,0,0,0,1,0,0.2,0,0.01,0,0,0,5,0,0,0,0,0,0,0,0.1,0,0,0,0,0.3,0,0.5,0.01,5,0.2,0,0.5,0,0,0,0,0,0,0,0,0,0,0,0,0,0,0,0,0,0,0,0,0,0,0,0,0,0,0,0,0,0,0,0,0,0,0,0,0,0,0,0,0,0,0,0,0,0,0,0,0,0,0,0,0,0,0,0,0,0,0,0,0,0,0,0,0,0,0,0,0,0,0,0,0,0,0,0,0,0,0,0,0,0,0,0,0,0,0,0,0,0,0,0,0,0,0,0,0,0,0,0
BC04,regular,May,SE,25,2,2,0.5,0,5,1,0,3,15,0,0,1,3,5,0.5,5,3,0.5,0.5,0,0.01,0.01,0,0,0,0,0,0,5,0.5,1,0,0,0,0,10,0,0.001,0,0,0,2,0,0,0,0,0,0,0,1.5,0,0,0,0,0,0.1,0,0,3,0.5,0,1,1,2,0,0,0.001,0.5,0,0,0,0,0,0,0,0,0,0,0,0,0,0,0,0,0,0,0,0,0,0,0,0,0,0,0,0,0,0,0,0,0,0,0,0,0,0,0,0,0,0,0,0,0,0,0,0,0,0,0,0,0,0,0,0,0,0,0,0,0,0,0,0,0,0,0,0,0,0,0,0,0,0,0,0,0,0,0,0,0,0,0,0,0,0,0,0,0,0,0,0,0,0
BC04,regular,September,NW,15,0,3,0,0.1,5,0.5,0,15,7,0,0,1,0.5,12,0,1,3,0.01,0,0,0,0,0,0,0,0,0,0,3,0.5,0,0,0,0.1,0,2,0,0,0,0,0,20,0,0,0,0,0,0,0,1,0,0,0,0,1,0.1,0.5,0.5,5,0.5,0,0,0,0,0,0,0,0,0,0,0,0,0,0,0,0,0,0,0,0,0,0,0,0,0,0,0,0,0,0,0,0,0,0,0,0,0,0,0,0,0,0,0,0,0,0,0,0,0,0,0,0,0,0,0,0,0,0,0,0,0,0,0,0,0,0,0,0,0,0,0,0,0,0,0,0,0,0,0,0,0,0,0,0,0,0,0,0,0,0,0,0,0,0,0,0,0,0,0,0,0,0
BC04,regular,September,SE,30,3,1,1,0,4,0.2,0,6,6,0,0,1,0,10,2,10,1,0.5,0,0,0,0.1,0,0,0,0,0,0,4,0,2,0,0,1,0,0.2,0,0,0,0,0,3,0,0,0,0,0,0,0,1,0,0,0,0,0,0.1,0,0,2,0.5,0,0,2,1,0,0,0,0,0,0,0,0,0,0,0,0,0,0,0,0,0,0,0,0,0,0,0,0,0,0,0,0,0,0,0,0,0,0,0,0,0,0,0,0,0,0,0,0,0,0,0,0,0,0,0,0,0,0,0,0,0,0,0,0,0,0,0,0,0,0,0,0,0,0,0,0,0,0,0,0,0,0,0,0,0,0,0,0,0,0,0,0,0,0,0,0,0,0,0,0,0,0
BC05,reduced_sown,July,NW,3,30,0,0,0,0,0,0,0.1,4,0,0,2,0,10,0,6,0,0,0,0,0,0,0,0,0,1,0,0,0,0.1,3,0,0,0,0,0,0,0,2,0,0,0,0,0,0,0,0,0,0,0,0,0,0,0,0.5,0,0,2,0,2,0,0,0,0,0,0,0,0,9,0.5,6,0.2,0.5,0.5,0.3,3,0,0,0,0,0,0,0,0,0,0,0,0,0,0,0,0,0,0,0,0,0,0,0,0,0,0,0,0,0,0,0,0,0,0,0,0,0,0,0,0,0,0,0,0,0,0,0,0,0,0,0,0,0,0,0,0,0,0,0,0,0,0,0,0,0,0,0,0,0,0,0,0,0,0,0,0,0,0,0,0,0,0,0,0,0,0
BC05,reduced_sown,July,SE,15,40,0,0,0,1,0,0,0.5,8,0,0,0.5,0,5,0,5,1,0,0,0,0,0,0,0,3,2,0,0,0,0.1,0.3,0,0,0,0,0,0,0,0.5,0,0,0,0,0,0,0,0,0,0,0,0,0,0,0,2,0,0,2,0,1,0,0,0,0,0,0,0,0,7,0,10,0,0,0.5,0.1,1,2,0.01,0,0,0,0,0,0,0,0,0,0,0,0,0,0,0,0,0,0,0,0,0,0,0,0,0,0,0,0,0,0,0,0,0,0,0,0,0,0,0,0,0,0,0,0,0,0,0,0,0,0,0,0,0,0,0,0,0,0,0,0,0,0,0,0,0,0,0,0,0,0,0,0,0,0,0,0,0,0,0,0,0,0,0,0
BC05,reduced_sown,March,NW,0.5,25,0,0,0.01,0,0.5,0,0.2,1,0,0,0.5,0,15,0,3,0,15,0,0,0.01,0.01,0,0,0,0,0,0,0,0,0.5,0,0,0,0,0,0,0.5,0.4,0,0,0,0,0,0,0,0,0,0,0,0,0,0,0,0,0.01,0,1,0,1,0,0,0,0,0,0,0,0,3,0.5,1,0,0.2,0,0.1,0,0,0.1,0,0,0,0,0,0,0,0,0,0,0,0,0,0,0,0,0,0,0,0,0,0,0,0,0,0,0,0,0,0,0,0,0,0,0,0,0,0,0,0,0,0,0,0,0,0,0,0,0,0,0,0,0,0,0,0,0,0,0,0,0,0,0,0,0,0,0,0,0,0,0,0,0,0,0,0,0,0,0,0,0,0,0,0
BC05,reduced_sown,March,SE,2,30,0.2,0,0,0.5,0.5,0,0,2,0,0,0.5,0,10,0,15,0,3,0,0,0,0,0,0,3,0.5,0,0,0,0,0.5,0,0,0,0,0,0,0,0.1,0,0,0,0,0,0,0,0,0.01,0,0,0,0,0,0,0.1,0,0,0,0,1,0,0,0,0,0,0,0,0,3,0,5,0,0,1,0.1,0,2,0.1,0.1,0.001,0.01,0.1,0.01,0,0,0,0,0,0,0,0,0,0,0,0,0,0,0,0,0,0,0,0,0,0,0,0,0,0,0,0,0,0,0,0,0,0,0,0,0,0,0,0,0,0,0,0,0,0,0,0,0,0,0,0,0,0,0,0,0,0,0,0,0,0,0,0,0,0,0,0,0,0,0,0,0,0,0,0,0,0,0
BC05,reduced_sown,May,NW,5,25,0,0,0.1,0,0.5,0,0.3,5,0,0,2,0,15,0,6,0,20,0,0,0.2,0.01,0,0,0,0,0,0,0,0.5,1,0,0,0,0,0,0,0.5,4,0,0.5,0,0,0,0,0,0,0,0,0,0,0,0,0,0.5,0.5,0,6,0,2,0,0,0,0,0,0,0,0,5,3,3,0,1,0.3,0.5,3,0,3,0.1,0,0,0,0,0.5,1,8,0,0,0,0,0,0,0,0,0,0,0,0,0,0,0,0,0,0,0,0,0,0,0,0,0,0,0,0,0,0,0,0,0,0,0,0,0,0,0,0,0,0,0,0,0,0,0,0,0,0,0,0,0,0,0,0,0,0,0,0,0,0,0,0,0,0,0,0,0,0,0,0,0,0,0,0
BC05,reduced_sown,May,SE,10,30,1,0,0,0.1,0.5,0,2,6,0,0,1,0,10,0,10,2,7,0,0.1,0.1,0.1,0,0,6,4,0,0,0,0.5,0.2,0,0,0,0,0,0,0,2,0,0,0,0,0,0,0,0,0,0,0,0,0,0,0,2,0,0,2,0,1,0,0,0,0,0,0,0,0,6,0,9,0,0,7,0.5,3,5,1,0.2,0,0,0,0.1,0.5,2,20,0.1,0.01,0,0,0,0,0,0,0,0,0,0,0,0,0,0,0,0,0,0,0,0,0,0,0,0,0,0,0,0,0,0,0,0,0,0,0,0,0,0,0,0,0,0,0,0,0,0,0,0,0,0,0,0,0,0,0,0,0,0,0,0,0,0,0,0,0,0,0,0,0,0,0,0,0,0
BC05,reduced_sown,September,NW,10,35,0,0,0,0,0.5,0,0.1,5,0,0,2,0,10,0,7,0,0.1,0,0,0.001,0.001,0,0,0,0.2,0,0,0,0.5,3,0,0,0,0,0,0,0,2,0,0,0,0,0,0,0,0,0,0,0,0,0,0,0,1,0,0,5,0,0,0,0,0,0,0,0,0,0,3,2,5,0.1,1,1,0.5,0.1,0,0.5,0,0,0,0,0,0,0,3,0,0,0,0,0,0,0,0,0,0,0,0,0,0,0,0,0,0,0,0,0,0,0,0,0,0,0,0,0,0,0,0,0,0,0,0,0,0,0,0,0,0,0,0,0,0,0,0,0,0,0,0,0,0,0,0,0,0,0,0,0,0,0,0,0,0,0,0,0,0,0,0,0,0,0,0
BC05,reduced_sown,September,SE,12,35,0,0,0,1,0.1,0,2,9,0,0,2,0,8,0,3,1,0.1,0,0,0,0,0,0,0,1,0,0,0,1,0.2,0,0,0,0,0,0,0,0.2,0,0,0,0,0,0,0,0,0,0,0,0,0,0,0,7,0,0,4,0,0.1,0,0,0,0,0,0,0,0,6,0,7,0,0,3,3,2,3,1,0,0,0,0,0,0,0,5,0,0,0,0,0,0,0,0,0,0,0,0,0,0,0,0,0,0,0,0,0,0,0,0,0,0,0,0,0,0,0,0,0,0,0,0,0,0,0,0,0,0,0,0,0,0,0,0,0,0,0,0,0,0,0,0,0,0,0,0,0,0,0,0,0,0,0,0,0,0,0,0,0,0,0,0
BC06,regular,July,NW,5,6,0.1,0,0.01,0,1,0,0,2,0,0,0,0,25,0,0.5,0.5,0,0,0,0.1,0.1,0,0,0,0,0,0,0,1,0,0,0,0,0,1,0,0,0,0,0,1,0,0,0,3,0,0,1,2,0,0,0,0,0,0,0,0,0,0,0,0,0,15,0,0,0,0,0,0,0,0,0,0,0,0,0,0,0,0,0,0,0,0,0,0,0,0,2,3,30,0,0,0,0,0,0,0,0,0,0,0,0,0,0,0,0,0,0,0,0,0,0,0,0,0,0,0,0,0,0,0,0,0,0,0,0,0,0,0,0,0,0,0,0,0,0,0,0,0,0,0,0,0,0,0,0,0,0,0,0,0,0,0,0,0,0,0,0,0,0,0
BC06,regular,July,SE,0,5,0,0,0,5,2,0,2,20,0,0,0,0,30,0,0.1,0.5,0.1,0,0,0,0.5,0,0,0,0,0,0,0,1,0,0,0,0,0,0,0,0,0,0,0,0,0,0,0,0,0,0,15,6,0,0,0,0,0,0,0,0,0,0,0,0,0,4,0,0,0,0,0,0,0,0,0,0,0,0,0,0,0,0,0,0,0,0,0,0,0,0,0,3,2,0,0,0,0,0,0,0,0,0,0,0,0,0,0,0,0,0,0,0,0,0,0,0,0,0,0,0,0,0,0,0,0,0,0,0,0,0,0,0,0,0,0,0,0,0,0,0,0,0,0,0,0,0,0,0,0,0,0,0,0,0,0,0,0,0,0,0,0,0,0,0
BC06,regular,March,NW,0.1,1,0.5,0,0.01,0,3,0,0,2,0,0,0,0,15,0,3,3,0,1,0,0.01,0.01,0,0,0,0,0,0,0,2,0,0,0,0.1,0,0,0,0,0,0,0,0.5,0,0,0,5,0,0,0.5,0,0,0,0,0,0,0,0,0,0,0,0,0,0,5,0,0,0,0,0,0,0,0,0,0,0,0,0,0,0,0,0,0,0,0,0,0,0,0,0,0,10,0.5,0.01,0.5,0.5,0,0,0,0,0,0,0,0,0,0,0,0,0,0,0,0,0,0,0,0,0,0,0,0,0,0,0,0,0,0,0,0,0,0,0,0,0,0,0,0,0,0,0,0,0,0,0,0,0,0,0,0,0,0,0,0,0,0,0,0,0,0,0,0,0,0,0
BC06,regular,March,SE,0,1,0,0,0,5,7,0,0.2,25,0,0,0,0,5,0,0.1,1,0.2,0,0,0.1,0,0,0,0,0,0,0,0,2,0,0,0,0.3,0,1,0.1,0,0,0,0,0,0,0,0,1,0,0,2,0,0,0,0,0,0,0,0,0,0,0,0,0,0,1,0,0,0,0,0,0,0,0,0,0,0,0,0,0,0,0,0,0,0,0,0,0,0,0,0,0,0,0,0.5,0,0,0,0,0,0,0,0,0,0,0,0,0,0,0,0,0,0,0,0,0,0,0,0,0,0,0,0,0,0,0,0,0,0,0,0,0,0,0,0,0,0,0,0,0,0,0,0,0,0,0,0,0,0,0,0,0,0,0,0,0,0,0,0,0,0,0,0,0
BC06,regular,May,NW,0.5,1,0.1,0,0,0,3,0,0,1,0,0,0,0,20,0,2,0.1,0,0.5,0,0.1,0.1,0,0,0,0,0,0,0,1,0,0,0,5,0,1,0,0,0,0,0,3,0,0,0,5,0,0,3,3,0,0,0,0,0,0,0,0,0,0,0,0,0,3,0,0,0,0,0,0,0,0,0,0,0,0,0,0,0,0,0,0,0,0,0,0,0,0,5,0.1,25,0,0.1,0,0,2,0,0,0,0,0,0,0,0,0,0,0,0,0,0,0,0,0,0,0,0,0,0,0,0,0,0,0,0,0,0,0,0,0,0,0,0,0,0,0,0,0,0,0,0,0,0,0,0,0,0,0,0,0,0,0,0,0,0,0,0,0,0,0,0,0,0
BC06,regular,May,SE,0,2,0,0,0,15,1,0,1,20,0,0,0,0,5,0,1,0.5,2,0,0,0.1,0.01,0,0,0,0,0,0,0,10,0,0,0,1,0,1,0,0,0,0,0,0,0,0,0,2,0,0,3,0.5,0,0,0,0,0,0,0,0,0,0,0,0,0,3,0,0,0,0,0,0,0,0,0,0,0,0,0,0,0,0,0,0,0,0,0,0,0,0,0.5,0.8,0,0,1,0,0,0,0,0,0,0,0,0,0,0,0,0,0,0,0,0,0,0,0,0,0,0,0,0,0,0,0,0,0,0,0,0,0,0,0,0,0,0,0,0,0,0,0,0,0,0,0,0,0,0,0,0,0,0,0,0,0,0,0,0,0,0,0,0,0,0,0,0
BC06,regular,September,NW,4,10,2,0,1,0,2,0,0,3,0,0,0,0,17,0,1,6,0,0,0,0.5,0.2,0,0,0,1,0,0,0,0.5,0,0,0,1,0,2,0,0,0,0,0,1,0,0,0,0.1,0,0,4,5,0,0,0,0,0,0,0,0,0,0,0,0,0,10,0,0,0,0,0,0,0,0,0,0,0,0,0,0,0,0,0,0,0,0,0,0,0,0,3,2,30,0,0.01,0,0,3,2,0,0,0,0,0,0,0,0,0,0,0,0,0,0,0,0,0,0,0,0,0,0,0,0,0,0,0,0,0,0,0,0,0,0,0,0,0,0,0,0,0,0,0,0,0,0,0,0,0,0,0,0,0,0,0,0,0,0,0,0,0,0,0,0,0
BC06,regular,September,SE,0,5,0,0,0,10,4,0,2,25,0,0,0,0,40,0,1,1,0.5,0,0,0.01,3,0.001,0,0,4,0,0,0,1,0,0,0,1,0,0.5,0,0,0,0,0,0,0,0,0,0,0,0,15,10,0,0,0,0,0,0,0,0,0,0,0,0,0,3,0,0,0,0,0,0,0,0,0,0,0,0,0,0,0,0,0,0,0,0,0,0,0,0,0,0.5,3,0,0.01,0,0,0,0.5,0,0,0,0,0,0,0,0,0,0,0,0,0,0,0,0,0,0,0,0,0,0,0,0,0,0,0,0,0,0,0,0,0,0,0,0,0,0,0,0,0,0,0,0,0,0,0,0,0,0,0,0,0,0,0,0,0,0,0,0,0,0,0,0,0
BC07,reduced,July,N,0,0,0,0,0,0,0,0,0,10,0,0,0,0.1,15,0,0,0,0,0,0.5,0,0.1,0,30,0,6,0.1,0,2,0,3,0,0,0,0,0,0,0,0.5,0,0,0,0,0,0,0,0,0,0,0,0,0,0,0,0,0,0,0,0,0,0,0,0,0,0,0,0,0,0,0,0,0,0,0,0,45,0,0,0,0,0,0,0,0,0,0,0,0,0,0,0,0,0,0,0,0,0,6,0.01,0.3,0.1,0,0,0,0,0,0,0,0,0,0,0,0,0,0,0,0,0,0,0,0,0,0,0,0,0,0,0,0,0,0,0,0,0,0,0,0,0,0,0,0,0,0,0,0,0,0,0,0,0,0,0,0,0,0,0,0,0,0,0,0,0
BC07,reduced,July,S,0.2,0,0,0,0.1,0,0,0,0,4,0,0,2,0.01,10,0,0,0,1,0,0,0,0.2,0,0,0,2,0,0,0,0,0,0,0,0.01,0,0,0,0,7,0,0,2,0,0,0,0,0,0.01,0,0,0,0,0,0,0,0,0,0,0,0,0,0,0,0,0,0,0,0,0,0,0,0,0,0,0,50,0,0,0,0,0,0,0,0,0,0,0,0,0,0,0,0,0,0,0,0,0,12,0.01,0,0.01,5,5,6,15,0,0,0,0,0,0,0,0,0,0,0,0,0,0,0,0,0,0,0,0,0,0,0,0,0,0,0,0,0,0,0,0,0,0,0,0,0,0,0,0,0,0,0,0,0,0,0,0,0,0,0,0,0,0,0,0,0
BC07,reduced,March,N,0,0,0,0,0,0,0,0,0,0.5,0,0,0,0.5,10,0,0,0,0.5,0,0.5,0.5,4,3,7,0,2,0.5,0,0,0,5,0,0,0,0,0,0.01,12,0.1,0.1,0,0,0,0,0,0,0,1,0,0,0.01,0,0,0,0,0,0,0,0,0,0,0,0,0,0.1,3,0,0,0,0,0,0,0,0,0,0,0,0,0,0,0,0,0,0,0,0,0,0,0,0,0,0,0,0.1,0,0,0,0.1,0,0,0,0,0,1,0,0.1,10,8,1,0,0,0,0,0,0,0,0,0,0,0,0,0,0,0,0,0,0,0,0,0,0,0,0,0,0,0,0,0,0,0,0,0,0,0,0,0,0,0,0,0,0,0,0,0,0,0,0,0,0,0,0,0
BC07,reduced,March,S,0.1,0,0,0,0.01,0,0.1,0,0.1,0.5,0,0,1,0.7,15,0,0,0,0.03,0,0,0.05,5,0,0,0,0.3,0,0,0,0,0,0,0,0,0,0,0.01,5,7,0,0,0.2,0,0,0,0,0,0,0,0,0.01,0,0,0,0,0,0,0,0,0,0,0,0,0,0,0.1,0,0,0,0,0,0,0,0,0,0,0,0,0,0,0,0,0,0,0,0,0,0,0,0,0,0,0,0,0,0,0,0.5,0,0,0,0,0,4,5,0,15,0.01,0,0.1,0.1,0,0,0,0,0,0,0,0,0,0,0,0,0,0,0,0,0,0,0,0,0,0,0,0,0,0,0,0,0,0,0,0,0,0,0,0,0,0,0,0,0,0,0,0,0,0,0,0,0,0,0
BC07,reduced,May,N,0,0,0,0,0,0,0,0,0,3,0,0,0,2,15,0,0,0,0,0,1,1,5,0,15,0,3,0.5,0,0,0,15,0,0,0,0,0,0,3,1,0,0,0,0,0,0,0,0,0,0,0,0.1,0,0,0,0,0,0,0,0,0,0,0,0,0,0,0,0,0,0,0,0,0,0,0,0,15,0,0,0,0,0,0,0,0,0,0,0,0,0,0,0,0,0,0,0,0,0,1,0,0,0,0,0,0.5,0,0,0,0,0,0,0,0,0,0,0,0,0,0,0,0,0,0,0,0,0,0,0,0,0,0,0,0,0,0,0,0,0,0,0,0,0,0,0,0,0,0,0,0,0,0,0,0,0,0,0,0,0,0,0,0,0,0
BC07,reduced,May,S,0,0,0,0,0,0,0,0,0,0.5,0,0,1,5,10,0,0,0,1,0,0,0.001,5,0,0,0,0.5,0,0,0,0,0,0,0,0,0,0,0,10,5,0,0,0,0,0,0,0,0,0,0,0,0.2,0,0,0,0,0,0,0,0,0,0,0,0,0,0,0,0,0,0,0,0,0,0,0,0,15,0,0,0,0,0,0,0,0,0,0,0,0,0,0,0,0,0,0,0,0,0,0.5,0,0,0,0,2,3,7,0,0,0,0,0.7,0.2,0,0,0,0,0,0,0,0,0,0,0,0,0,0,0,0,0,0,0,0,0,0,0,0,0,0,0,0,0,0,0,0,0,0,0,0,0,0,0,0,0,0,0,0,0,0,0,0,0,0,0
BC07,reduced,September,N,0,0,0,0,0.5,0,0,0,0,25,0,0,0,1,17,0,0,0,2,0,0.3,1,7,1,20,0,5,2,0,3,0,5,0,0,0.01,0,0,0,0,2,0.01,0,0,0,0,0,0,0,2,0,0,0,0,0,0,0,0,0,0,0,0,0,0,0,0,0,0,0,0,0,0,0,0,0,0,0,0.5,0,0,0,0,0,0,0,0,0,0,0,0,0,0,0,0,0,0,0,0,0,10,3,1,2,0,0,0,0,0,0,0,0,0,0,3,0,0,0,0,0,0,0,0,0,0,0,0,0,0,0,0,0,0,0,0,0,0,0,0,0,0,0,0,0,0,0,0,0,0,0,0,0,0,0,0,0,0,0,0,0,0,0,0,0,0
BC07,reduced,September,S,2,0,0,0,1,0,0,0,0,8,0,0,2,0.3,7,0,0,0,0.1,0,0,0.1,5,0.1,0.5,0,4,0,0,0,0,0,0,0,0.1,0,0,0,0,5,0,0,2,0,0,0,0,0,0.1,0,0,0,0,0,0,0.1,0,0,0,0,0,0,0,0,0,0,0,0,0,0,0,0,0,0,0,0,1,0,0,0,0,0,0,0,0,0,0,0,0,0,0,0,0,0,0,0,0,0,8,0.2,0,0.1,10,0,9,15,0,0,0,0,0,2,0.1,0,0,0,0,0,0,0,0,0,0,0,0,0,0,0,0,0,0,0,0,0,0,0,0,0,0,0,0,0,0,0,0,0,0,0,0,0,0,0,0,0,0,0,0,0,0,0,0,0,0
BC08,regular,July,NW,0,0,0,0,0,0,0,0,0,35,0,0,0,0,0,0,3,0,3,0,0,0,0,0,0,0,0,2,0,0,0,0,0,0,0,0,3,0,0,0,0,0,0.01,0,0,0,0,0,0,0,30,0,0,0,0,0,0,0,0,0,0,0,0,0,0,0,0,0,0,0,0,0,0,0,0,0,0,0,0,0,0,0,0,0,0,0,0,0,0,0,0,0,0,0,0,0,0,0,0,0.02,0,0,0,0,0,0,0,0,0,0,0,0,0,7,0,0,0,0,0,0,0,0,0,0,0,0,0,0,0,0,0,0,0,0,0,0,0,0,0,0,0,0,0,0,0,0,0,0,0,0,0,0,0,0,0,0,0,0,0,0,0,0,0
BC08,regular,July,SE,0,0,0,0,0,0,0,0,0,40,0,0,0,0,0,0,0,0,3,0,0,0,0.01,0,0,0,0,0,0,0,0,0,0,0,0,0,3,0,0,0,0,0,0.05,0,0,0,0,0,0,0,20,0,0,0,0,0,0,0,0,0,0,0,0,0,0,0,0,0,0,0,0,0,0,0,0,0,0,0,0,0,0,0,0,0,0,0,0,0,0,0,0,0,0,0,0,0,0,0,0,0.05,0,0,0,0,0,0,0,0,0,0,0,0,0,8,0,0,0,0,0,0,0,0,0,0,0,0,0,0,0,0,0,0,0,0,0,0,0,0,0,0,0,0,0,0,0,0,0,0,0,0,0,0,0,0,0,0,0,0,0,0,0,0,0
BC08,regular,March,NW,0,0,0,0,0,0,0,0,0,15,0,0,0,0,0,0,5,1,0.5,0,0,0.01,0,0,0,0,0,0.5,0,0,0,0,0,0,0,0,0,0,0,0,0,0,0,0,0,0,0,0,0,0,0,0,0,0,0,0,0,0,0,0,0,0,0,0,0,0,0.5,0,0,0,0,0,0,0,0,0,0,0,0,0,0,0,0,0,0,0,0,0,0,0,0,0,0,0.01,0,0,0,0,0,0,0,0,0,0,0,0,0,0,0,0,0,0,0,35,0.5,0,0,0,0,0,0,0,0,0,0,0,0,0,0,0,0,0,0,0,0,0,0,0,0,0,0,0,0,0,0,0,0,0,0,0,0,0,0,0,0,0,0,0,0,0,0,0,0
BC08,regular,March,SE,0,0,0,0,0,0,0,0,0,10,0,0,0,0,0,0,0.5,5,0.3,0,0,0.1,0.01,0.01,0,0,0,0.1,0,0,0,0,0,0,0.1,0,0,0,0,0,0,0,0,0,0,0,0,0,0,0,0,0,0,0,0,0,0,0,0,0,0,0,0,0,0,0,0.01,0,0,0,0,0,0,0,0,0,0,0,0,0.5,0,0,0,0,0,0,0,0,0,0,0,0,0,0,0,0,0,0,0,0,0,0,0,0,0,0,0,0,0,0,0,0,0,50,0.01,0,0,0,0,0,0,0,0,0,0,0,0,0,0,0,0,0,0,0,0,0,0,0,0,0,0,0,0,0,0,0,0,0,0,0,0,0,0,0,0,0,0,0,0,0,0,0,0
BC08,regular,May,NW,0,0,0,0,0,0,0,0,0,40,0,0,0,0,0,0,2,0.5,1,0,0,0.2,0,0,0,0,0,0,0,0,0,0,0,0,0,0,3,0,0,0,0,0,0,0,0,0,0,0,0,0,25,0,0,0,0,0,0,0,0,0,0,0,0,0,0,0,0,0,0,0,0,0,0,0,0,0,0,0,0,0,0,0,0,0,0,0,0,0,0,0,0,0,0,0.2,0,0,0,0,0,0,0,0,0,0,0,0,0,0,0,0,0,0,0,1,0,0,0,0,0,0,0,0,0,0,0,0,0,0,0,0,0,0,0,0,0,0,0,0,0,0,0,0,0,0,0,0,0,0,0,0,0,0,0,0,0,0,0,0,0,0,0,0,0
BC08,regular,May,SE,0,0,0,0,0,0,0,0,0,25,0,0,0,0,0,0,0.5,3,5,0,0,0,0.1,0,0,0,0,0,0,0,0,0,0,0,0,0,10,0,0.5,0,0,0,0,0,0,0,0,0,0,0,30,0,0,0,0,0,0,0,0,0,0,0,0,0,0,0,0,0,0,0,0,0,0,0,0,0,0,0,0,0.1,0,0,0,0,0,0,0,0,0,0,0,0,0,0,0,0,0,0,0,0,0,0,0,0,0,0,0,0,0,0,0,0,0,5,0,0,0,0,0,0,0,0,0,0,0,0,0,0,0,0,0,0,0,0,0,0,0,0,0,0,0,0,0,0,0,0,0,0,0,0,0,0,0,0,0,0,0,0,0,0,0,0,0
BC08,regular,September,NW,0,0.5,0,0,0,0,0,0,0,40,0,0,0,0,0,0,2,1,1,0,0,0,0.01,0,0,0,0,1,0,0,0,0,0,0,0,0,4,0,0,0,0,0,0,0,0,0,0,0,0,0,30,0,0,0,0,0,0,0,0,0,0,0,0,0,0,0,0,0,0,0,0,0,0,0,0,0,0,0,0,0,0,0,0,0,0,0,0,0,0,0,0,0,0,0,0,0,0,0,0,0.5,0,0,0,0,0,0,0,0,0,0,0,0,0,5,0,0.1,0.1,0,0,0,0,0,0,0,0,0,0,0,0,0,0,0,0,0,0,0,0,0,0,0,0,0,0,0,0,0,0,0,0,0,0,0,0,0,0,0,0,0,0,0,0,0,0
BC08,regular,September,SE,0,0,0,0,0,0,0,0,0,50,0,0,0,0,0,0,0,0,4,0,0,0,0,0,0,0,0,3,0,0,0,0,0,0,0,0,12,0,0,0,0,0,0,0,0,0,0,0,0,0,22,0,0,0,0,0,0,0,0,0,0,0,0,0,0,0,0,0,0,0,0,0,0,0,0,0,0,0,0,0,0,0,0,0,0,0,0,0,0,0,0,0,0,0,0,0,0,0,0,0.2,0,0,0,0,0,0,0,0,0,0,0,0,0,5,0,0.01,0,0,0,0,0,0,0,0,0,0,0,0,0,0,0,0,0,0,0,0,0,0,0,0,0,0,0,0,0,0,0,0,0,0,0,0,0,0,0,0,0,0,0,0,0,0,0
BC09,reduced,July,NW,10,3,2,0,0,0,0.4,0,0.01,3,0,0,15,0,15,0,5,7,1,2,0,0,0,0,0,0,0,0,0,20,2,0,0,0,0,0,0,0,0,0,0,0,0.2,0,0,0,2,0,0,0,2,0,0,0,0,0,0,0,0,0.5,4,0,0,10,0,0,0,0,0,0,0,0,0,0,0,0,0,0,0,0,0,0,0,0,0,0,0,0,0,0,0,0,0,0,0,0,0,0,0,0,0,0,0,0,0,0,0,0,0,0,0,0,0,0,0,0,0,0.5,0,0,0,0,0,0,0,0,0,0,0,0,0,0,0,0,0,0,0,0,0,0,0,0,0,0,0,0,0,0,0,0,0,0,0,0,0,0,0,0,0,0,0,0,0
BC09,reduced,July,SE,0.2,10,0,0,0,0,0,0,4,10,0,0,0,0,25,0,12,7,0,2,0,0,0,0,0,1,0,0,0,0,1,0,0,0,0,0,0,0,0,0,0,0,7,0,0,0,0,0,0,0,5,0,0,0,0,0,0.01,0,0,0,0,0,0,0,0.5,0,0,0,0,0,0,0,0,0,0,0,0,0,0,0,0,0,0,0,0,0,0,0,0,0,0,0,0,0,0,0,0,0,0,0,0,0,0,0,0,0,0,0,0,0,0,0,0,0,0,0,0,0,0,0,0,0,0,0,0,0,0,0,0,0,0,0,0,0,0,0,0,0,0,0,0,0,0,0,0,0,0,0,0,0,0,0,0,0,0,0,0,0,0,0,0,0,0
BC09,reduced,March,NW,0.2,0.2,0.2,0,0,0,0.5,0,0,0.2,0,0,0.5,0,5,0,5,0.1,0.01,1,0,0,0,0,0,0,0,0,0,0,0.5,0,0,0,0.01,0,0,0,0,0,0,0.3,0.1,0,0,0,1,0,0,0,0,0,0,0,0,0,0.01,0,0,0,1,0,0,1,0,0,0,0,0,0,0,0,0,0,0,0,0,0,0,0,0,0,0,0,0,0,0,0,0,0,0,0,0,0,0,0,0,0,0,0,0,0,0,0,0,0,0,0,0,0,0,0,0,0,0,0,0,0,0,0,0,0,0,0,0,0,0,0,0,0,0,0,0,0,0,0,0,0,0,0,0,0,0,0,0,0,0,0,0,0,0,0,0,0,0,0,0,0,0,0,0,0,0
BC09,reduced,March,SE,0.01,1,0,0,0,0,0,0,0.5,1,0,0,0,0,3,0,2,0.5,0,0.01,0,0,0,0,0,0.01,0,0,0,0,2,0,0,0,0.1,0,0,0,0,0,0,0,2,0,0,0,0,0,0,0,0,0,0,0,0,0,0.01,0,0,0,0,0,0,0,0,0,0,0,0,0,0,0,0,0,0,0,0,0,0,0,0,0,0,0,0,0,0,0,0,0,0,0,0,0,0,0,0,0,0,0,0,0,0,0,0,0,0,0,0,0,0,0,0,0,0,0,0,0,0,0,0,0,0,0,0,0,0,0,0,0,0,0,0,0,0,0,0,0,0,0,0,0,0,0,0,0,0,0,0,0,0,0,0,0,0,0,0,0,0,0,0,0,0
BC09,reduced,May,NW,1,0.1,1,0,0,0,0.5,0,0,3,0,0,5,0,3,0,3,0.2,0.2,2,0.1,0,0,0,0,0,0,0,0,20,0.2,0,0,0,1,0,0,0,0,0,0,1,0,0,0,0,1,0,0,0,0.1,0,0,0,0,0,0.3,0,0,0,1,0,0,5,0,0,0,0,0,0,0,0,0,0,0,0,0,0,0,0,0,0,0,0,0,0,0,0,0,0,0,0,0,0,0,0,0,0,0,0,0,0,0,0,0,0,0,0,0,0,0,0,0,0,0,0,0,0.7,0,0,0,0,0,0,0,0,0,0,0,0,0,0,0,0,0,0,0,0,0,0,0,0,0,0,0,0,0,0,0,0,0,0,0,0,0,0,0,0,0,0,0,0,0
BC09,reduced,May,SE,0,10,0,0,0,0,0,0,5,10,0,0,0,0,15,0,12,7,0,1,0,0,0,0,0,1,0,0,0,0,0.5,0,0,0,3,0,0,0,0,0,0,0,10,0,0,0,0,0,0,0,0,0,0,0,0,0,0.5,0,0,0,0,0,0,0,0.5,0,0,0,0,0,0,0,0,0,0,0,0,0,0,0,0,0,0,0,0,0,0,0,0,0,0,0,0,0,0,0,0,0,0,0,0,0,0,0,0,0,0,0,0,0,0,0,0,0,0,0,0,0,0,0,0,0,0,0,0,0,0,0,0,0,0,0,0,0,0,0,0,0,0,0,0,0,0,0,0,0,0,0,0,0,0,0,0,0,0,0,0,0,0,0,0,0,0
BC09,reduced,September,NW,10,3,2,0,0.01,0,0.5,0,0,3,0,0,13,0,15,0,6,1,0.1,2,0.01,0,0,0,0,0.01,0,0,0,20,1,0,0,0,0.1,0,0,0,0,0,0,0,0.1,0,0,0,0.5,0,0,0,1,0,0,0,0,0,0.1,0,0,2,3,0,0,8,0,0,0,0,0,0,0,0,0,0,0,0,0,0,0,0,0,0,0,0,0,0,0,0,0,0,0,0,0,0,0,0,0,0,0,0,0,0,0,0,0,0,0,0,0,0,0,0,0,0,0,0,0,1,0,0,0,0,0,0,0,0,0,0,0,0,0,0,0,0,0,0,0,0,0,0,0,0,0,0,0,0,0,0,0,0,0,0,0,0,0,0,0,0,0,0,0,0,0
BC09,reduced,September,SE,0.1,15,0,0,0,0,0,0,2,8,0,0,0,0,25,0,15,3,0,2,0,0,0,0,0,0.5,0,0,0,0,2,0,0,0,0.2,0,0,0,0,0,0,0,8,0,0,0,0,0,0,0,2,0,0,0,0,0,0,0,0,0,0,0,0,0,1,0,0,0,0,0,0,0,0,0,0,0,0,0,0,0,0,0,0,0,0,0,0,0,0,0,0,0,0,0,0,0,0,0,0,0,0,0,0,0,0,0,0,0,0,0,0,0,0,0,0,0,0,0,0,0,0,0,0,0,0,0,0,0,0,0,0,0,0,0,0,0,0,0,0,0,0,0,0,0,0,0,0,0,0,0,0,0,0,0,0,0,0,0,0,0,0,0,0
BC10,reduced_sown,July,NW,20,0.5,0,0,0,0,0,0,0,12,0.5,0,0,0,2,0,3,0,0,0,0,0.01,0.01,0,5,0.5,0.5,0,0,1,0,0,3,0,0.1,0,0,0,0,0,0,0.5,1,0,7,0,0,0,0,0,0.5,0,0,0,0,0,0,0,30,3,0,0,0,0,0.5,0,0,0,0,0,0,5,0,0,0,0,0,0,0,0,0,0,0,0,0,0,0,0,0,0,0,0,0,0,0,0,0,0,0,0,0,0,0,0,0,0,0,0,0,0,0.1,0,0,0,0,0,0,0,1,1,1,0,0,0,0,0,0,0,0,0,0,0,0,0,0,0,0,0,0,0,0,0,0,0,0,0,0,0,0,0,0,0,0,0,0,0,0,0,0,0,0,0,0
BC10,reduced_sown,July,SE,25,1,0,0,0,0,0,0,0,8,0.1,0,0,0,2,0,3,0,0,0,0,0.2,0,0,5,0,5,0,0,25,0.1,3,0,0,0,0,1,0,0,5,0,0.5,0,0,0,0,0,0,0,0,0,0,0,0,0,0,0,0,5,2,0,0,0,0,0.3,0,0,0,0,1,0,3,3,0,0,3,0,0,0,0,0,0,0,0,0,0,0,0,0,0,0,0,0,0,0,0,0,0,0,0,0,0,0,0,0,0,0,0,0,0,0,0,0,0,0,0,0,0,0,3,0,0.2,0.5,5,0.2,0,0,0,0,0,0,0,0,0,0,0,0,0,0,0,0,0,0,0,0,0,0,0,0,0,0,0,0,0,0,0,0,0,0,0,0,0,0
BC10,reduced_sown,March,NW,12,3,0,0,0,0,0.01,0,0,2,0.1,0,0,0,0.5,0,2,0,0,0,0,1,0,0.5,0.5,0.5,0.01,0,0,0.01,0,0,2,0,0.5,0,0,0.5,0.01,0.1,0,1,0.5,0,3,0,0,0,0,0,0,0.1,0,0,0,0,0,0,15,3,0,0,0,0,0.5,0,0.01,0,0,0,0,5,0,0,0,0,0,0,0.5,0.5,0,0,0,0,0,0,0,0,0,0,0,0,0,0,0,0,0,0,0,0,0,0,0,0,0,0,0,0,0.01,0,1,0,0,0,0,0,0,0,0.5,1,0,0,0,0,0,0.5,0,0,0,0,0,0,0,0,0,0,0,0,0,0,0,0,0,0,0,0,0,0,0,0,0,0,0,0,0,0,0,0,0,0,0,0,0
BC10,reduced_sown,March,SE,10,2,0,0,0,0,0,0,0,2,0.5,0,0,0,0.5,0,4,0,0.1,0,0,2,0.1,0.5,0.1,0,0.5,0,0,5,0,3,0,0,0.5,0,0.1,1.5,2,1,0,1.5,0,0,0.5,0,0,0,0,0,0,0.01,0,0,0,0,0,0,2,3,0,0,0,0,0,0,0.01,0,0,0.5,0,1,0.2,0,0,2,0,0,0,4,0,0,0,0,0,0,0,0,0,0,0,0,0,0,0,0,0,0,0,0,0,0,0,0,0,0,0,0,0,0,0,0,0,0,0,0,0,0,0,1,0,0.5,0,2,0.1,0.01,0,0,0,0,0,0,0,0,0,0,0,0,0,0,0,0,0,0,0,0,0,0,0,0,0,0,0,0,0,0,0,0,0,0,0,0,0
BC10,reduced_sown,May,NW,20,1,0,0,0,0,0,0,0,4,3,0,0,0,3,0,5,0,0.3,0,0,0.5,0.01,0,3,2,0,0,0,2,0,0,10,0,4,0,0,0,0.1,1,0,3,10,0,15,0,0,0,0,0,1,0,0,0,0,0,0,0,30,3,0,0,0,0,2,0,0,0,0,0,0,15,0,0,0,0,0,0,2,0.1,0,0,0,0,0,0,0,0,0,0,0,0,0,0,0,0,0,0,0,0,0,0,0,0,0,0,0,0,0,0,2,0,0,0,0,0,0,0,0.5,2,8,0,0,0,0,0,5,0,0,0,0,0,0,0,0,0,0,0,0,0,0,0,0,0,0,0,0,0,0,0,0,0,0,0,0,0,0,0,0,0,0,0,0
BC10,reduced_sown,May,SE,25,2,0,0,0,0,0,0,0,10,4,0,0,0,2,0,5,0,0.5,0,0,0.1,0.1,0,1,0,2,0,0,30,1,3,0,0,2,0,0.5,0,0.2,3,0,3,0,0,0.5,0,0,0,0,0,0,0.01,0,0,0,0,0,0,6,5,0,0,0,0,0.3,0,0,0,0,13,0,3,3,0,0,3,0,0,0,0.5,0,0,0,0,0,0,0,0,0,0,0,0,0,0,0,0,0.5,0,0,0,0,0,0,0,0,0,0,0,0,0,0,0,0,0,0,0,0,0,0,8,0,2,0.5,2,1,0,0,0,0,0,0,0,0,0,0,0,0,0,0,0,0,0,0,0,0,0,0,0,0,0,0,0,0,0,0,0,0,0,0,0,0,0,0
BC10,reduced_sown,September,NW,30,1,0,0,0,0,0,0,0,7,0.5,0,0,0,3,0,2,0,0,0,0,0.01,0,0,2,0.1,0.1,0,0,1,0,0,3,0,0.5,0,0,0,0,0.5,0,0,0,0,8,0,0,0,0,0,0.5,0,0,0,0,0,0,0,35,0.5,0,0,0,0,0.5,0,0,0,0,0,0,4,0,0,0,0,0,0,0,0,0,0,0,0,0,0,0,0,0,0,0,0,0,0,0,0,0,0,0,0,0,0,0,0,0,0,0,0,0,0,0,0,0,0,0,0,0,0,0.5,0,2,0,0,0,0,0,0,0.1,0.5,0,0,0,0,0,0,0,0,0,0,0,0,0,0,0,0,0,0,0,0,0,0,0,0,0,0,0,0,0,0,0,0,0,0
BC10,reduced_sown,September,SE,20,1,0,0,0,0,0,0,0,7,0.1,0,0,0,3,0,8,0,0,0,0,0.01,0,0,2,0,2,0,0,14,0,5,0,0,0.1,0,0,0,0,3,0,0.01,0,0,0,0,0,0,0,0,0,0,0,0,0,0,0,0,8,0.3,0,0,0,0,0.5,0,0,0,0,3,0,3,4,0,0,8,0,0,0,0,0,0,0,0,0,0,0,0,0,0,0,0,0,0,0,0,0,0,0,0,0,0,0,0,0,0,0,0,0,0,0,0,0,0,0,0,0,0,0,5,0,0.1,0.5,6,1,0,0,0,0,0,0,0,0,0,0,0,0,0,0,0,0,0,0,0,0,0,0,0,0,0,0,0,0,0,0,0,0,0,0,0,0,0,0
BC11,regular,July,NW,20,0.1,3,1,0,0,0.1,0,0,2,0,0,0,0,3,0,0,35,0,1,0,0.01,0,0,0,0,0,0,0,0,0.5,0,0,0,0,0,0,0,0,0,0,0,0,0,0,0,0,0,0,0,50,0,0,0,0,0,0,0,0,0,0,0,0,0,0,0,0,0,0,0,0,0,0,0,0,0,0,0,0,0,0,0,0,0,0,0,0,0,0,0,0,0,0,0,0,0,0,0,0,0,0,0,0,0,0,0,0,0,0,0,0,0,0,0,0,0,0,0,0,0,0,0,0,0,0,0,0,0,0,2,0.2,0,0,0,0,0,0,0,0,0,0,0,0,0,0,0,0,0,0,0,0,0,0,0,0,0,0,0,0,0,0,0,0
BC11,regular,July,SE,2,0.5,7,0,0,0,0.3,0,0,7,1,0,0,0,5,0,3,45,0.1,2,0,0,0,0,0,0,0,0,0,0,0,0,0,0,0,0,0,0,0,0,0,0,0,0,0,0,0,0,0,0,40,0,0,0,0,0,0,0,0,0,0,0,0,0,0,0,0,0,0,0,0,0,0,0,0,0,0,0,0,0,0,0,0,0,0,0,0,0,0,0,0,0,0,0,0,0,0,0,0,0,0,0,0,0,0,0,0,0,0,0,0,0,0,0,0,0,0,0,0,0,0,0,0,0,0,0,0,0,0,2,2,0,0,0,0,0,0,0,0,0,0,0,0,0,0,0,0,0,0,0,0,0,0,0,0,0,0,0,0,0,0,0,0
BC11,regular,March,NW,1,0,1,0,0,0,0.01,0,0,0.5,0,0,0,0,5,0,0,10,0,2,0,0.01,0,0,0,0,0,0,0,0,0,0,0,0,0,0,0,0,0.01,0,0,0,0,0,0,0,0,0,0,0,30,0,0,0,0,0,0,0,0,0,0,0,0,0,0,0,0,0,0,0,0,0,0,0,0,0,0,0,0,0,0,0,0,0,0,0,0,0,0,0,0,0,0,0,0,0,0,0,0,0,0,0,0,0,0,0,0,0,0,0,0,0,0,0,0,0,0,0,0,0,0,0,0,0,0,0,0,0,0,0.1,3,0,0,0,0,0,0,0,0,0,0,0,0,0,0,0,0,0,0,0,0,0,0,0,0,0,0,0,0,0,0,0,0
BC11,regular,March,SE,0.1,0,1,0,0,0,0.1,0,0,0,0,0,0,0,7,0,0.5,15,0,2,0,0.01,0,0,0,0,0,0,0,0,0,0,0,0,0,0,0,0,0,0,0,0,0,0,0,0,0,0,0,0,25,0,0,0,0,0,0,0,0,0,0,0,0,0,0,0,0,0,0,0,0,0,0,0,0,0,0,0,0,0,0,0,0,0,0,0,0,0,0,0,0,0,0,0,0,0,0,0,0,0,0,0,0,0,0,0,0,0,0,0,0,0,0,0,0,0,0,0,0,0,0,0,0,0,0,0,0,0,0,0.5,1,0,0,0,0,0,0,0,0,0,0,0,0,0,0,0,0,0,0,0,0,0,0,0,0,0,0,0,0,0,0,0,0
BC11,regular,May,NW,8,0.5,3,0.2,0,0,1,0,0,2,0,0,0,0,5,0,0,40,0,3,0,0.2,0.1,0,0,0,0,0,0,0,0.5,0,0,0,0,0,0,0,0.5,0,0,0,0,0,0,0,0,0,0,0,30,0,0,0,0,0,0,0,0,0,0,0,0,0,0,0,0,0,0,0,0,0,0,0,0,0,0,0,0,0,0,0,0,0,0,0,0,0,0,0,0,0,0,0,0,0,0,0,0,0,0,0,0,0,0,0,0,0,0,0,0,0,0,0,0,0,0,0,0,0,0,0,0,0,0,0,0,0,0,0.5,0.5,0,0,0,0,0,0,0,0,0,0,0,0,0,0,0,0,0,0,0,0,0,0,0,0,0,0,0,0,0,0,0,0
BC11,regular,May,SE,5,0.1,5,0,0,0,1,0,0,10,0.1,0,0,0,10,0,5,30,0.2,4,0,0.5,0,0,0,0,0,0,0,0,0,0,0,0,0,0,0,0,0,0,0,0,0.1,0,0,0,0,0,0,0,25,0,0,0,0,0,0,0,0,0,0,0,0,0,0,0,0,0,0,0,0,0,0,0,0,0,0,0,0,0,0,0,0,0,0,0,0,0,0,0,0,0,0,0,0,0,0,0,0,0,0,0,0,0,0,0,0,0,0,0,0,0,0,0,0,0,0,0,0,0,0,0,0,0,0,0,0,0,0,1,1,0,0,0,0,0,0,0,0,0,0,0,0,0,0,0,0,0,0,0,0,0,0,0,0,0,0,0,0,0,0,0,0
BC11,regular,September,NW,10,0.1,3,0,0,0,0.5,0,0,2,0,0,0,0,10,0,0,30,0,0.5,0,0.1,0.1,0,0,0,0,0,0,0,0.1,0,0,0,0,0,0,0,0.3,0,0,0,0,0,0,0,0,0,0,0,40,0,0,0,0,0,0,0,0,0,0,0,0,0,0,0,0,0,0,0,0,0,0,0,0,0,0,0,0,0,0,0,0,0,0,0,0,0,0,0,0,0,0,0,0,0,0,0,0,0,0,0,0,0,0,0,0,0,0,0,0,0,0,0,0,0,0,0,0,0,0,0,0,0,0,0,0,0,0,1,0.2,0,0,0,0,0,0,0,0,0,0,0,0,0,0,0,0,0,0,0,0,0,0,0,0,0,0,0,0,0,0,0,0
BC11,regular,September,SE,3,0.1,15,0,0,0,0,0,0,6,0,0,0,0,10,0,3,40,2,3,0,0,0,0,0,0,0,0,0,0,0,0,0,0,0,0,0,0,2,0,0,0,0,0,0,0,0,0,0,0,40,0,0,0,0,0,0,0,0,0,0,0,0,0,0,0,0,0,0,0,0,0,0,0,0,0,0,0,0,0,0,0,0,0,0,0,0,0,0,0,0,0,0,0,0,0,0,0,0,0,0,0,0,0,0,0,0,0,0,0,0,0,0,0,0,0,0,0,0,0,0,0,0,0,0,0,0,0,0,2,4,0,0,0,0,0,0,0,0,0,0,0,0,0,0,0,0,0,0,0,0,0,0,0,0,0,0,0,0,0,0,0,0
BC12,reduced,July,NW,0,5,0,0,0,0,0,0,0,1,0,0,0,0,30,0,5,6,0,0.05,0,0,0,0,0,0.1,0,0,0,0,2,0,0,0,0.5,0,0,0,0,0,0,0,6,0,0,0,0,0,0,0,2,0,0,0,0,5,0.2,0,0,0,0,0,0,0.1,10,0,0,0,0,0,0,9,0,0,0,0,0,0,0.1,0,0,0,0,0,0,0,0,0,0,0,0,0,0,0,0,0,0,0,0,0,0,0,0,0,0,0,0,0,0,0,0,0,0,0,0,0,0,0,0,0,0,0,0,0,0,0,0,0,0,0,0,4,0,0,0,0,0,0,0,0,0,0,0,0,0,0,0,0,0,0,0,0,0,0,0,0,0,0,0,0,0,0,0
BC12,reduced,July,SE,1,2,0,0,0,0,0,0,0,0.2,0.1,0,0,0,20,0,15,3,0,0.1,0,0,0,0,0,0.5,0,0,0,0,0.5,0,0,0,0.5,0,2,0,0,0,0,0,5,0,0,0,0.5,0,0,0,0.5,0,0,0,0,0,0,0,0,0,0,0,0,0,0,0,0,0,0,0,0,0,0,0,0,0,0,0,0,0,0,0,0,0,0,0,0,0,0,0,0,0,0,0,0,0,0,0,0,0,0,0,0,0,0,0,0,0,0,0,0,0,0,0,0,0,0,0,0,0,0,0,0,0,0,0,0,0,0,0,0,0,0.01,0,0,0,0,0,0,0,0,0,0,0,0,0,0,0,0,0,0,0,0,0,0,0,0,0,0,0,0,0,0
BC12,reduced,March,NW,0,10,0,0,0,0,0,0,0,0.5,0,0,0,0,20,0,3,0.01,0,0.5,0,0,0,0,0,0,0,0,0,0,1,0,0,0,2,0,0,0,0,0,0,0,3,0,0,0,0,0,0,0,0.5,0,0,0,0,0.1,0.1,0,0,0,0,0,0,0,3,0,0,0,0,0,0,3,0,0,0,0,0,0,0,0,0,0,0,0.01,0,0,0,0,0,0,0,0,0,0,0,0,0,0,0,0,0,0,0,0,0,0,0,0,0,0,0,0,0,0,0,0,0,0,0,0,0,0,0,0,0,0,0,0,0,0,0,0.01,0,0.01,0,0,0,0,0,0,0,0,0,0,0,0,0,0,0,0,0,0,0,0,0,0,0,0,0,0,0,0,0
BC12,reduced,March,SE,0.1,5,0,0,0,0,0,0,0,0,0,0,0,0,25,0,5,1,0,0.1,0,0,0,0,0,1,0,0,0,0,1,0,0,0,0.1,0,0.5,0,0,0,0,0,6,0,0,0,0.5,0,0,0,0,0,0,0,0,0,0.05,0,0,0,0,0,0,0,0,0,0,0,0,0,0,0,0,0,0,0,0,0,0,0,0,0,0,0,0,0,0,0,0,0,0,0,0,0,0,0,0,0,0,0,0,0,0,0,0,0,0,0,0,0,0,0,0,0,0,0,0,0,0,0,0,0,0,0,0,0,0,0,0,0,0,0,0.1,0,0,0,0,0,0,0,0,0,0,0,0,0,0,0,0,0,0,0,0,0,0,0,0,0,0,0,0,0,0
BC12,reduced,May,NW,0,3,0,0,0,0,0,0,0,1,0,0,0,0,35,0,10,1,0,3,0,0.01,0.1,0,0,0.1,0,0,0,0,1,0,0,0,4,0,0,0,0,0,0,0,7,0,0,0,0,0,0,0,0.5,0,0,0,0,4,2,0,0,0,0,0,0,0.5,12,0,0,0,0,0,0,5,0,0,0,0,0,0,1,0,0,0,0,0,0,0,0,0,0,0,0,0,0,0,0,0,0,0,0,0,0,0,0,0,0,0,0,0,0,0,1,0,0,0,0,0,0,0,0,0,0,0,0,0,0,0,0,0,0,0,0.2,10,0,0,1,0.1,0,0,0,0,0,0,0,0,0,0,0,0,0,0,0,0,0,0,0,0,0,0,0,0,0,0,0
BC12,reduced,May,SE,2,5,0,0,0,0,0,0,0,0,0.1,0,0,0,30,0,25,2,0,3,0,0,0,0,0,2,0,0,0,0,2,0,0,0,10,0,2,0,0,0,0,0,5,0,0,0,0.5,0,0,0,0.5,0,0,0,0,0,5,0,0,0,0,0,0,0,0,0,0,0,0,0,0,0,0,0,0,0,0,0,3,0,0,0,0,0,0,0,0,0,0,0,0,0,0,0,0,0,0,0,0,0,0,0,0,0,0,0,0,0,0,0,0,0,0,0,0,0,0,0,0,0,0,0,0,0,0,0,0,0,0,0,0,0,0.01,0,0,0,0.01,0.1,0,0,0,0,0,0,0,0,0,0,0,0,0,0,0,0,0,0,0,0,0,0,0,0,0
BC12,reduced,September,NW,0,3,0,0,0,0,0,0,0,1,0,0,0,0,30,0,10,5,0,0.1,0,0.01,0,0,0,0.1,0,0,0,0,1,0,0,0,5,0,0,0,0,0,0,0,7,0,0,0,0,0,0,0,2,0,0,0,0,3,0,0,0,0,0,0,0,0.5,15,0,0,0,0,0,0,15,0,0,0,0,0,0,2,0,0,0,0,0,0,0,0,0,0,0,0,0,0,0,0,0,0,0,0,0,0,0,0,0,0,0,0,0,0,0,0.5,0,0.01,0,0,0,0,0,0,0,0,0,0,0,0,0,0,0,0,0,0,5,0,0,0,0,0,0,0,0,0,0,0,0,0,0,0,0,0,0,0,0,0,0,0,0,0,0,0,0,0,0,0
BC12,reduced,September,SE,1,1,0,0,0,0,0,0,0,0,0,0,0,0,25,0,20,8,0,0.01,0,0,0,0,0,3,0,0,0,0,2,0,0,0,7,0,3,0,0,0,0,0,8,0,0,0,2,0,0,0,0.5,0,0,0,0,0,0,0,0,0,0,0,0,0,0,0,0,0,0,0,0,0,0,0,0,0,0,0,0.2,0,0,0,0,0,0,0,0,0,0,0,0,0,0,0,0,0,0,0,0,0,0,0,0,0,0,0,0,0,0,0,0,0,0,0,0,0,0,0,0,0,0,0,0,0,0,0,0,0,0,0,0,0,0,0,0,0,0,0,0,0,0,0,0,0,0,0,0,0,0,0,0,0,0,0,0,0,0,0,0,0,0,0,0
BC13,regular,July,NW,0.1,4,0,0,0,0.1,0,0,4,6,0,0,4,0.8,7,0,1,0.1,1,0,0,0.1,0,0,0,0,0,0,0,0,0.5,35,0,0,0.3,0,0,0,0,0,0,0,0.1,0,0,0,0,0,0,0,0,0,0,0,0,0,0,0,0,0,14,0,0,0,0,0,0,0,0,0,0,0,0,0,0,0,0.001,0,0,0,0,0,0,0,0,0,0,0,0,0,0,0,0,0,0,0,0,0,0,0,0,0,0,0,0,0,0,0,0,0,0,0,0,0,0,0,0,0,0,0,0,0,0,0,0,0,0,0,0,0,0,0,0,0,0,0,0,0,0.05,0,0,0,0,0,0,0,0,0,0,0,0,0,0,0,0,0,0,0,0,0,0,0,0
BC13,regular,July,SE,0.5,15,3,0,0,1,0,0,3,1,0,0,0.7,0.6,5,0,1,1,2,0,0,0.1,0,0,0,0,0,0,0,0,2,0.5,0,0,0.3,0,0,0,0,0,0,0,0,0,0,0,0,0,0,0,1,0,0,0,0,0,0,0,0,0,4,0,0,0,0,0,0,0,0,0,0,0,0,0,0,0,0,0,0,0,0,0,0,0,0,0,0,0,0,0,0,0,0,0,0,0,0,0,0,0,0,0,0,0,0,0,0,0,0,0,0,0,0,0,0,0,0,0,0,0,0,0,0,0,0,0,0,0,0,0,0,0,0,0,0,0,0,0,0,0,0,0,0,0,0,0,0,0,0,0,0,0,0,0,0,0,0,0,0,0,0,0,0
BC13,regular,March,NW,0.1,1,0,0,0,1,0,0,2,0.5,0,0,1,7,3,0,0.5,1,1,0,0,0.01,0,0,0.01,0.5,0,0,0,0,0.5,20,0,0,0,0,0,0,0.01,0,0,0,0,0,0,0,0,0,0,0,0,0,0,0,0,0,0,0,0,0,5,0,0,0,0,0,0,0,0,0,0,0,0,0,0,0,0,0,0,0,0,0,0,0,0,0,0,0,0,0,0,0,0,0,0,0,0,0,0,0,0,0,0,0,0,0,0,0,0,0,0,0,0,0,0,0,0,0,0,0,0,0,0,0,0,0.01,0,0,0,0,0,0,0,0,0,0,0,0,0.5,0,0,0,0,0,0,0,0,0,0,0,0,0,0,0,0,0,0,0,0,0,0,0,0
BC13,regular,March,SE,0,1,0.1,0,0,0.5,0,0,1,0,0,0,0,2,2,0,2,17,1,0,0,0.01,0.1,0.5,0,0,0,0,0,0,0,0.1,0,0,0,0,0,0,0.1,0,0,0,0,0,0,0,0,0,0,0,0.1,0.01,0,0,0,0,0,0,0,0,5,0,0,0,0,0,0,0,0,0,0,0,0,0,0,0,0,0,0,0,0,0,0,0,0,0,0,0,0,0,0,0,0,0,0,0,0,0,0,0,0,0,0,0,0,0,0,0,0,0,0,0,0,0,0,0,0,0,0,0,0,0,0,0,0,0.01,0,0,0,0,0,0,0,0,0,0,0,0,0,0,0,0,0,0,0,0,0,0,0,0,0,0,0,0,0,0,0,0,0,0,0,0,0
BC13,regular,May,NW,0.2,3,0,0,0,0.5,0,0,5,4,0,0,4,2,5,0,3,5,15,0,0,0.1,0.1,0,0.1,0.5,0,0,0,0,1,25,0,0,2,0,0,0,0.1,0,0,0,0,0,0,0,0,0,0,0,0,0,0,0,0,0,0,0,0,0,17,0,0,0,0,0,0,0,0,0,0,0,0,0,0,0,3,0,0,0,0,0,0,0,0,2,0,0,0,0,0,0,0,0,0,0,0,0,0,0,0,0,0,0,0,0,0,0,0,0,0,0,0,0,0,0,0,0,0,0,0,0,0,0,0,0,0,0,0,0,0,0,0,0,0,0,0,0,3,0,0,0,0,0,0,0,0,0,0,0,0,0,0,0,0,0,0,0,0,0,0,0,0
BC13,regular,May,SE,1,15,3,0,0,1,0,0,3,2,0,0,0,3,8,0,5,20,2,0,0,0.2,0.3,0,0,0,0,0,0,0,0.5,2,0,0,3,0,0,0,0.8,0,0,0,0,0,0,0,0,0,0,0,0.5,0.5,0,0,0,0,0,0,0,0,5,0,0,0,0,0,0,0,0,0,0,0,0,0,0,0,0,0,0,0,0,0,0,0,0,1,0,0,0,0,0,0,0,0,0,0,0,0,0,0,0,0,0,0,0,0,0,0,0,0,0,0,0,0,0,0,0,0,0,0,0,0,0,0,0,0,0,0,0,0,0,0,0,0,0,0,0,0,0,0,0,0,0,0,0,0,0,0,0,0,0,0,0,0,0,0,0,0,0,0,0,0,0
BC13,regular,September,NW,1,15,0,0,0,1,0,0,8,5,0,0,2,3,5,0,1,0.5,3,0,0,0,0.8,0.1,0,0,0,0,0,0,0.5,30,0,0,0.5,0,0.1,0,0.5,0,0,0,0,0,0,0,0,0,0,0,0,0,0,0,0,0,0,0,0,0,20,0,0,0,0,0,0,0,0,0,0,0,0,0,0,0,0,0,0,0,0,0,0,0,0,2,0,0,0,0,0,0,0,0,0,0,0,0,0,0,0,0,0,0,0,0,0,0,0,0,0,0,0,0,0,0,0,0,0,0,0,0,0,0,0,0,0,0,0,0,0,0,0,0,0,0,0,0,1,0,0,0,0,0,0,0,0,0,0,0,0,0,0,0,0,0,0,0,0,0,0,0,0
BC13,regular,September,SE,1,15,5,0,0,1,0,0,6,2,0,0,0.5,4,5,0,1,3,2,0,0,0.1,0.5,0.5,0,0,0,0,0,0,2,1,0,0,1,0,0.1,0,0.1,0,0,0,0,0,0,0,0,0,0,0,0.1,0,0,0,0,0,0,0,0,0,6,0,0,0,0,0,0,0,0,0,0,0,0,0,0,0,0,0,0,0,0,0,0,0,0,1,0,0,0,0,0,0,0,0,0,0,0,0,0,0,0,0,0,0,0,0,0,0,0,0,0,0,0,0,0,0.1,0,0,0,0,0,0,0,0,0,0,0,0,0,0,0,0,0,0,0,0,0,0,0,0,0,0,0,0,0,0,0,0,0,0,0,0,0,0,0,0,0,0,0,0,0,0,0
BC14,regular,July,NW,0,4,2,0,0,0,0.1,0,0,12,0,0,0,0.01,15,0,3,0.5,0.7,0,0,0,0,0,0,0,0,0,0,0,15,0,0,0,0.1,0,1,0,0,0,0,0,0.2,0,0,0,0,0,0,0,0.1,0,0,0,0,0,0,0,0,0,2,0,0,0,0,0,0,0,0,0,0,0,0,0,0,0,0,0,0,0,0,0,0,0,0,0,0,0,0,0,0,0,0,0,0,0,0,0,0,0,0,0,0,0,0,0,0,0,0,0,0,0,0,0,0,0,0,0,0,0,0,0,0,0,0,0,0,0,0,0,0,0,0,0,0,0,0,0,0,1,0,0,0,0,0,0,0,0,0,0,0,0,0,0,0,0,0,0,0,0,0,0,0
BC14,regular,July,SE,0,2,1,0,0,0,0,0,1,4,0,0,0,0.01,7,0,8,8,0.01,0.2,0,0.1,0,0,0,0,0,0,0,0,0.5,0,0,0,0.01,0,0,0,0,0,0,0.01,0.8,0,0,0,0,0,0,5,0,0,0,0,0,0,0.01,0,0,0.5,0.5,0,0,0,0,0,0,0,0,0,0,0,0,0,0,0,0,0,0,0,0,0,0,0,0,0,0,0,0,0,0,0,0,0,0,0,0,0,0,0,0,0,0,0,0,0,0,0,0,0,0,0,0,0,0,0,0,0,0,0,0,0,0,0,0,0,0,0,0,0,0,0,0,0,0,0,0,0,0,0,0,0,0,0,0,0,0,0,0,0,0,0,0,0,0,0,0,0,0,0,0,0,0
BC14,regular,March,NW,0,0.1,0.6,0,0,0,0.01,0,0,3,0,0,0,1,20,0,8,0.001,4,0,0,0.001,0.01,0,0,0,0,0,0,0,0.5,0,0,0,0,0,0,0,0,0,0,0,0,0,0,0,0,0,0,0,0,0,0,0,0,0,0.001,0,0,0,2,0,0,0,0,0,0,0,0,0,0,0,0,0,0,0,0,0,0,0.5,0,0,0,0,0,0,0,0,0,0,0,0,0,0,0,0,0,0,0,0,0,0,0,0,0,0,0,0,0,0,0,0,0,0,0,0,0,0,0,0,0,0,0,0,0,0.01,0,0,0,0,0,0,0,0,0,0,0,0,0,0,1,0.1,0,0,0,0,0,0,0,0,0,0,0,0,0,0,0,0,0,0,0,0,0
BC14,regular,March,SE,0,0.1,0.2,0,0,0,0.001,0,0,1,0,0,0,0.5,7,0,6,3,0.01,0,0,0.001,0.001,0,0,0,0,0,0,0,0.2,0,0,0,0,0,0,0,0,0,0,0.01,0.1,0,0,0,0.1,0,0,0.1,0,0,0,0,0,0,0.001,0,0,0,2,0,0,0,0,0,0,0,0,0,0,0,0,0,0,0,0,0,0,0.1,0,0,0,0,0,0,0,0,0,0,0,0,0,0,0,0,0,0,0,0,0,0,0,0,0,0,0,0,0,0,0,0,0,0,0,0,0,0,0,0,0,0,0,0,0,0,0,0,0,0,0,0,0,0.001,0,0,0,0,0,0,0.1,0.1,0,0,0,0,0,0,0,0,0,0,0,0,0,0,0,0,0,0,0,0,0
BC14,regular,May,NW,0,2,3,0,0,0,0,0,0.5,7,0,0,0,0.5,20,0,15,2,20,0,0,0.1,0.1,0,0,0,0,0,0,0,2,0,0,0,5,0,1,0,0,0,0,0,0.1,0,0,0,0,0,0,0,1,0,0,0,0,0,0.2,0,0,0,3,0,0,0,0,0,0,0,0,0,0,0,0,0,0,0,0,0,0,1,0,0,0,0,0,5,0,0,0,0,0,0,0,0,0,0,0,0,0,0,0,0,0,0,0,0,0,0,0,0,0,0,0,0,0,0,0,0,0,0,0,0,0,0,0,0,0,0,0,0,0,0,0,0,0,0,0,0,0,0.1,0,0,0,0,0,0,0,0,0,0,0,0,0,0,0,0,0,0,0,0,0,0,0
BC14,regular,May,SE,0,0.5,1,0,0,0,0.5,0,0.3,4,0,0,0,0.1,15,0,15,10,1,0.5,0,0.1,0,0,0,0,0,0,0,0,2,0,0,0,3,0,0,0,0,0,0,0.1,0.1,0,0,0,0,0,0,5,0,0,0,0,0,0,0.2,0,0,0.5,2,0,0,0,0,0,0,0,0,0,0,0,0,0,0,0,0,0,0,0.1,0,0,0,0,0,0,0,0,0,0,0,0,0,0,0,0,0,0,0,0,0,0,0,0,0,0,0,0,0,0,0,0,0,0,0,0,0,0,0,0,0,0,0,0,0,0,0,0,0,0,0,0,0,0,0,0,0,0,0,0,0,0,0,0,0,0,0,0,0,0,0,0,0,0,0,0,0,0,0,0,0,0,0
BC14,regular,September,NW,0,2,2,0,0,0,0.5,0,0,17,0,0,0,1,20,0,7,1,3,0,0,0,0.1,0,0,0,0,0,0,0,0.5,0,0,0,0.5,0,2,0,0,0,0,0,0,0,0,0,0,0,0,0,0.5,0,0,0,0,0,0,0,0,0,2,0,0,0,0,0,0,0,0,0,0,0,0,0,0,0,0,0,0,0,0,0,0,0,0,1,0,0,0,0,0,0,0,0,0,0,0,0,0,0,0,0,0,0,0,0,0,0,0,0,0,0,0,0,0,0,0,0,0,0,0,0,0,0,0,0,0,0,0,0,0,0,0,0,0,0,0,0,0,1,0,0,0,0,0,0,0,0,0,0,0,0,0,0,0,0,0,0,0,0,0,0,0
BC14,regular,September,SE,0,1,2,0,0,0,0,0,4,6,0,0,0,0.01,5,0,20,7,0.1,0.2,0,0,0,0,0,0,0,0,0,0,3,0,0,0,0.01,0,0,0,0,0,0,0,1,0,0,0,0,0,0,6,0,0,0,0,0,0,0,0,0,0.5,1,0,0,0,0,0,0,0,0,0,0,0,0,0,0,0,0,0,0,0.01,0,0,0,0,0,0,0,0,0,0,0,0,0,0,0,0,0,0,0,0,0,0,0,0,0,0,0,0,0,0,0,0,0,0,0,0,0,0,0,0,0,0,0,0,0,0,0,0,0,1,0,0,0,0,0,0,0,0,0,0,0,0,0,0,0,0,0,0,0,0,0,0,0,0,0,0,0,0,0,0,0,0,0
BC15,reduced,July,NW,2,8,0,0,0.1,0,2,0,0,40,0,0,4,0.01,15,0,7,0,0.2,0,0,0,0.01,0,0,0,0,0,0,0,0.5,0,0,0,0,0,1,0,0,0,0,0,0,0,0,0,0,0,0,0,0,0,0,0,0,0,0,0,0,1,0.1,0,0,0,0,0,0,0,0,0,0,0,0,0,0,0,0,0,0,0,0,0,0,0,0,0,0,0,0,0,0,0,0,0,0,0,0,0,0,0,0,0,0,0,0,0,0,0,0,0,0,0,0,0,0,0,0,0,0,0,0,0,0,0,0,0,0,0,0,0,0,0,0,0,0,0,0,0,0,0,0,0,0,0,0,0,0,0,0,0,0,0,0,0,0,0,0,0,0,0,0,0,0
BC15,reduced,July,SE,20,8,1,0.3,0.1,0,0.3,0,0.01,20,0,0,0,0,10,0,20,3,1,0,0,1,7,0,0,0,0,0,0,0,0.1,0,0,0,0,0,0,0,0,0,0,0,0,0,0,0,0,0,0,0,0,0,0,0,0,0,0,0,0,0.1,2,0,0,0,0,0,0,0,0,0,0,0,0,0,0,0,0,0,0,0,0,0,0,0,0,0,0,0,0,0,0,0,0,0,0,0,0,0,0,0,0,0,0,0,0,0,0,0,0,0,0,0,0,0,0,0,0,0,0,0,0,0,0,0,0,0,0,0,0,0,0,0,0,0,0,0,0,0,0,0,0,0,0,0,0,0,0,0,0,0,0,0,0,0,0,0,0,0,0,0,0,0,0
BC15,reduced,March,NW,0.5,3,0,0,0,0,0.1,0,0,7,0,0,0.5,0.1,15,0,2,0,1,0,0,0.1,2,0,0,0,0,0,0,0,1,0,0,0,0,0,0,0.01,0.5,0,0,0,0,0,0,0,0,0,0,0,0,0,0,0,0,0,0,0,0,2,0.5,0,0,0,0,0,0,0,0,0,0,0,0,0,0,0,0,0,0,0,0,0,0,0,0,0,0,0,0,0,0,0,0,0,0,0,0,0,0,0,0,0,0,0,0,0,0,0,0,0,0,0,0,0,0,0,0,0,0,0,0,0,0,0,0,0,0,0,0,0,0.01,0,0,0,0,0,0,0,0,0,0,0,0,0,0,0,0,0,0,0,0,0,0,0,0,0,0,0,0,0,0,0,0
BC15,reduced,March,SE,1,1,1,0,0,0,1,0,0,3,0,0,0,0,30,0,10,1,0.1,0.01,0,5,1,0,0,0,0,0,0,0,1,0,0,0,0,0,0,0.01,0.5,0,0,0,0,0,0,0,0,0,0,0,0,0,0,0,0,0,0.01,0,0,2,7,0,0,0,0,0,0,0,0,0,0,0,0,0,0,0,0,0,0,0,0,0,0,0,0,0,0,0,0,0,0,0,0,0,0,0,0,0,0,0,0,0,0,0,0,0,0,0,0,0,0,0,0,0,0,0,0,0,0,0,0,0,0,0,0,0,0,0,0,0,0.01,0,0,0,0,0,0,0,0,0,0,0,0,0,0,0,0,0,0,0,0,0,0,0,0,0,0,0,0,0,0,0,0
BC15,reduced,May,NW,2,3,0,0,0,0,0.5,0,0,20,0,0,2,1,15,0,5,1,10,0.1,0,0.2,4,0,0,0,0,0,0,0,3,0,0,0,0,0,0.5,0,0.1,0,0,0,0,0,0,0,0,0,0,0,0,0,0,0,0,0,0,0,0,2,0.3,0,0,0,0,0,0,0,0,0,0,0,0,0,0,0,0,0,0,0.01,0,0,0,0,0,0,0,0,0,0,0,0,0,0,0,0,0,0,0,0,0,0,0,0,0,0,0,0,0,0,0,0,0,0,0,0,0,0,0,0,0,0,0,0,0,0,0,0,0,0,0.1,0,0,0,0,0,0,0,0,0,0,0,0,0,0,0,0,0,0,0,0,0,0,0,0,0,0,0,0,0,0,0,0
BC15,reduced,May,SE,8,2,1,1,0,0,0.5,0,0,7,0,0,0,0,18,0,10,5,5,0.5,0,1,3,0,0,0,0,0,0,0,0.5,0,0,0,0,0,0.1,0,0.5,0,0,0,0,0,0,0,0,0,0,0,0,0,0,0,0,0,0,0,0,0.5,1,0,0,0,0,0,0,0,0,0,0,0,0,0,0,0,0,0,0,0,0,0,0,0,0,0,0,0,0,0,0,0,0,0,0,0,0,0,0,0,0,0,0,0,0,0,0,0,0,0,0,0,0,0,0,0,0,0,0,0,0,0,0,0,0,0,0,0,0,0,0,0,0,0,0,0,0,0,0,0,0,0,0,0,0,0,0,0,0,0,0,0,0,0,0,0,0,0,0,0,0,0,0
BC15,reduced,September,NW,2,6,0,0.5,0,0,0.5,0,0,35,0,0,0.5,0.5,10,0,5,0,2,0,0,0,1,0,0,0,0,0,0,0,0.5,0,0,0,0,0,0,0,0,0,0,0,0,0,0,0,0,0,0,0,0,0,0,0,0,0,0,0,0,1,0.5,0,0,0,0,0,0,0,0,0,0,0,0,0,0,0,0,0,0,0,0,0,0,0,0,0,0,0,0,0,0,0,0,0,0,0,0,0,0,0,0,0,0,0,0,0,0,0,0,0,0,0,0,0,0,0,0,0,0,0,0,0,0,0,0,0,0,0,0,0,0,0,0,0,0,0,0,0,0,0,0,0,0,0,0,0,0,0,0,0,0,0,0,0,0,0,0,0,0,0,0,0,0
BC15,reduced,September,SE,10,4,4,5,1,0,1,0,0,25,0,0,0,0.1,15,0,8,5,5,0,0,0.1,10,0,0,0,0,0,0,0,1,0,0,0,0,0,0,0,0,0,0,0,0,0,0,0,0,0,0,0,0,0,0,0,0,0,0,0,0,0.1,1,0,0,0,0,0,0,0,0,0,0,0,0,0,0,0,0,0,0,0,0,0,0,0,0,0,0,0,0,0,0,0,0,0,0,0,0,0,0,0,0,0,0,0,0,0,0,0,0,0,0,0,0.1,0,0,0,0,0,0,0,0,0,0,0,0,0,0,0,0,0,0,0,0,0,0,0,0,0,0,0,0,0,0,0,0,0,0,0,0,0,0,0,0,0,0,0,0,0,0,0,0,0,0
BC16,regular,July,NW,20,17,4,0,0,0,6,0,0.01,0,0,0,6,0.2,30,0,2,0.5,0.1,0,1,0,0,0,0,0,0,0,0,0,2,0,0,0,0,0,0,0,0,0.01,0,0,0,0,0,0,0,0,0,0,8,0,0,0,0,0,0,0,0,0,0.1,0,0,0,0,0,0,0,0,0,0,0,0,0,0,0,0,0,0,0,0,0,0,0,0,0,0,0,0,0,0,0,0,0,0,0,0,0,0,0,0,0,0,0,0,0,0,0,0,0,0,0,0,0,0,0,0,0,0,0,0,0,0,0,0,0,0,0,0,0,0,0,0,0,0,0,0,0,0,3,0,0,0.3,0,0,0,0,0,0,0,0,0,0,0,0,0,0,0,0,0,0,0,0
BC16,regular,July,SE,35,10,3,0,0,0,5,0,0,7,0,0,0,0,8,0,3,9,0.1,0,20,0.1,1,0,0,0,0,0,0,0,2,0,0,0,0,0,0,0,0,0,0,0,0,0,0,0,8,0,0,0,0,0,0,0,0,0,0,0,0,0,0,0,0,0,0,0,0,0,0,0,0,0,0,0,0,0,0,0,0,0,0,0,0,0,0,0,0,0,0,0,0,0,0,0,0,0,0,0,0,0,0,0,0,0,0,0,0,0,0,0,0,0,0,0,0,0,0,0,0,0,0,0,0,0,0,0,0,0,0,0,0,0,0,0,0,0,0,0,0,0,0,0,0,4,0,0,0,0,0,0,0,0,0,0,0,0,0,0,0,0,0,0,0
BC16,regular,March,NW,2,20,0.5,0,0,0,1,0,0.1,0,0,0,1,0.5,15,0,0.1,1,0.01,0,1,0,0,0,0,0,0,0,0,0,0.5,0,0,0,0,0,0,0.01,0.01,0,0,0,0,0,0,0,0,0,0,0,0,0,0,0,0,0,0,0,0,0,1,0,0,0,0,0,0,0,0,0,0,0,0,0,0,0,0,0,0,0,0,0,0,0,0,0,0,0,0,0,0,0,0,0,0,0,0,0,0,0,0,0,0,0,0,0,0,0,0,0,0.01,0,0,0,0,0,0,0,0,0,0,0,0,0,0,0,0,0,0,0,0,0,0,0,0,0,0,0,0,0,0,0,0,0,3,0.5,0,0,0,0,0,0,0,0,0,0,0,0,0,0,0,0,0
BC16,regular,March,SE,5,10,0.5,0,0,0,0.5,0,0.1,1,0,0,0.5,0.1,10,0,1,3,0,0.01,3,0.01,0.01,0.01,0,0,0,0,0,0,1,0,0,0,0,0,0,0.01,0.01,0,0,0,0,0,0,0,0,0,0,0,0,0.1,0,0,0,0,0,0,0,0,0,0,0,0,0,0,0,0,0,0,0,0,0,0,0,0,0,0,0,0,0,0,0,0,0,0,0,0,0,0,0,0,0,0,0,0,0,0,0,0,0,0,0,0,0,0,0,0,0,0,0,0,0,0,0,0,0,0,0,0,0,0,0,0,0,0.1,0,0,0,0,0,0,0,0,0,0,0,0,0,0,0,0,0,0,1,0,0.1,0,0,0,0,0,0,0,0,0,0,0,0,0,0,0,0
BC16,regular,May,NW,10,20,3,0,0,0,5,0,1,0,0,0,3,2,15,0,5,3,0.5,0,2,0,0,0,0,0,0,0,0,0,2,0,0,0,0,0,0,0,0.1,1,0,0,0,0,0,0,0,0,0,0,0,0,0,0,0,0,0,0,0,0,0.5,0,0,0,0,0,0,0,0,0,0,0,0,0,0,0,0,0,0,0,0,0,0,0,0,0,0,0,0,0,0,0,0,0,0,0,0,0,0,0,0,0,0,0,0,0,0,0,0,0,0,0,0,0,0,0,0,0,0,0,0,0,0,0,0,0,0,0,0,0,0,0,0,0,0,0,0,0,0,0.5,0,0,0,0,0,1,0,0,0,0,0,0,0,0,0,0,0,0,0,0,0,0,0
BC16,regular,May,SE,20,15,1,0,0.1,0,3,0,1,0.1,0,0,1,4,12,0,4,15,3,0,10,0.1,2,0,0,0,0,0,0,0,1,0,0,0,0,0,0,0,0.5,0,0,0,0,0,0,0,0,0,0,0,0,0.5,0,0,0,0,0,0,0,0,0,0,0,0,0,0,0,0,0,0,0,0,0,0,0,0,0,0,0,0,0,0,0,0,0,0,0,0,0,0,0,0,0,0,0,0,0,0,0,0,0,0,0,0,0,0,0,0,0,0,0,0,0,0,0,0,0,0,0,0,0,0,0,0,0,0,0,0,0,0,0,0,0,0,0,0,0,0,0,0,0,0,0,1,0,0,0.1,0,0,0,0,0,0,0,0,0,0,0,0,0,0,0,0
BC16,regular,September,NW,20,15,5,0,0.3,0,20,0,2,0,0,0,3,2,15,0,3,2,3,0,2,0.01,0.5,0,0,0,0,0,0,0,3,0,0,0,0,0,0,0.01,0.01,0,0,0,0,0,0,0,0,0,0.01,0,1,0,0,0,0,0,0,0,0,0,3,0,0,0,0,0,0,0,0,0,0,0,0,0,0,0,0,0,0,0,0,0,0,0,0,0,0,0,0,0,0,0,0,0,0,0,0,0,0,0,0,0,0,0,0,0,0,0,0,0,0,0,0,0,0,0,0,0,0,0,0,0,0,0,0,0,0,0,0,0,0,0,0,0,0,0,0,0,0,2,0,0,0.3,0,0,0,0,0,0,0,0,0,0,0,0,0,0,0,0,0,0,0,0
BC16,regular,September,SE,30,15,2,0,0.2,0,7,0,0.1,7,0,0,0.5,0.5,10,0,7,10,2,0,20,1,7,0,0,0,0,0,0,0,1,0,0,0,0,0,0,0,0.5,0,0,0,0,0,0,0,0.5,0,0.1,0,0,0,0,0,0,0,0,0,0,0,0,0,0,0,0,0,0,0,0,0,0,0,0,0,0,0,0,0,0,0,0,0,0,0,0,0,0,0,0,0,0,0,0,0,0,0,0,0,0,0,0,0,0,0,0,0,0,0,0,0,0,0,0,0,0,0,0,0,0,0,0,0,0,0,0,0,0,0,0,0,0,0,0,0,0,0,0,0,0,0,0,0,0,2,0,0,0,0,0,0,0,0,0,0,0,0,0,0,0,0,0,0,0
BC17,reduced_sown,July,N,3,15,1,0,0.2,0,0,0,2,12,0,0,0,0,10,0,30,1,0,0,0,0,0,0,0,0,0,0,0,3,1,0,0,0,0,0,0,0,0,0,0,0.1,0.01,0,0,0,0.5,0,0,2,0.5,0,0,0,0,0,0,0,2,0,1,0,0,0,0,0,0,0,0,0,0,2,0,0,0,0.5,0,0,0,0,0,0,2,0,0,0,0,0,0,0,0,0.5,0,0,0,0,0,1,0,0,0,0,0,0,0,0,0,0,0,0,0,0,0,0,0,0,0,0,0,0,0,0,0,0,0,0,0,0,0,0,0,0,0,0,0,0,0,0,0,0,0,0,0.5,0,0,0,0,10,0,0,0,0,0,0,0,0,0,0,0,0,0,0,0
BC17,reduced_sown,July,S,10,4,0.5,0,0.5,0,0.3,0,5,8,0,0,1,0,10,0,15,3,0,0,0,0,0.1,0,0,2,0,0,0,0,1,0,0,0,0,0,0.01,0,0,0,0,0.5,0.5,0,0,0,0,0,0,0.1,2,0,0,0,0,0,0.2,0,7,0,2,0,0,0,3,0,0,0,0,0,0,1,0,0,0,10,0,0.5,0,0,0,0,3,0,0,0,0,0,0,0,0,2,0,0,0,0,0,0,0,0,0,0,0,0,0,0,0,0,0,0,0,0,0,0,0,0,0,0,0,0,0,0,0,0,0,0,0,0,0,0,0,0,0,0,0,0,0,0,0,0,0,0,0,0,0,0,0,2,5,0,0,0,0,0,0,0,0,0,0,0,0,0,0
BC17,reduced_sown,March,N,2,15,0.5,0,0.5,0,0.1,0,0.5,3,0,0,0,0.1,5,0,30,3,0.1,0,0,0.1,0.5,0,0,0.5,0,0,0,4,0.1,0,0,0,0,0,0,0,0.1,0,0,1,1,0,0,0,3,0,0,1,0,0,0,0,0,0,0.2,0,0,0.5,5,0,0,0,0,0,0.1,0,0,0,0,1,0,0,0,0,0,0,0,0.1,0,0,0.5,0,0,0,0,0,0,0,0,0.5,0,0,0,0,0,0,0,0,0,0,0,0,0,0,0,0,0,0,0,0,0,0,0,0,0,0,0,0,0,0,0,0,0,0.2,0,0,0,0,0,0,0,0,0,0,0,0,0,0,0,0,0,0,1,0,0,2,0,0.001,0.01,0,0,0,0,0,0,0,0,0,0,0,0
BC17,reduced_sown,March,S,5,3,1,0,0,0,2,0,2,3,0,0,0.5,0,10,0,15,2,0,0,0,0.1,1,0,0,2,0.01,0,0,0,0.5,0,0,0,0,0,0,0,0.1,0,0,3,5,0,0,0,0,0,0,0.1,0,0,0,0,0,0,0.1,0,2,0,5,0,0,0,2,0,0.1,0,0,0,0,2,0,0,0,3,0,1,0,0.1,0,0,1,0,0,0,0,0,0,0,0,1,0,0,0,0,0,3,0,0,0,0,0,0,0,0,0,0,0,0,0,0,0,0,0,0,0,0,0,0,0,0,0,0,0,0,0,0,0,0,0,0,0,0,0,0,0,0,0,0,0,0,0,0,0.1,0,0,1,0.5,0,0,1,0,0,0,0,0,0,0,0,0,0,0
BC17,reduced_sown,May,N,5,20,0.8,0,0,0,0.5,0,0.5,7,0,0,0,0.3,5,0,22,0.05,0.3,0,0,0.03,0.5,0,0,0.1,0,0,0,5,1,0,0,0,0,0,0,0,0.2,0,0,1,0.3,0,0,0,0.5,0,0,1,0,0.2,0,0,0,0,0.3,0,0.5,0,1,0,0,0,0,0,0,0,0,0,0,0,0,0,0,0,0,0,0,1,0,0,0.5,0,0,0,0,0,0,0,0,0.5,0,0,0,0,0,1,0,0,0,0,0,0,0,0,0,0,0,0,0,0,0,0,0,0,0,0,0,0,0,0,0,0,0,0,0,0,0,0,0,0,0,0,0,0,0,0,0,0,0,0,1,0,0,0,0,3,0,0,0,0,0,0,0,0,0,0,0,0,0,0,0
BC17,reduced_sown,May,S,15,3,0.5,0,0,0,3,0,5,10,0,0,2,0,15,0,12,3,0,0,0,0.1,0.5,0,0,0.5,0,0,0,0,2,0,0,0,0,0,0.5,0,0.1,0,0,7,1,0,0,0,0,0,0,0.5,1,0.1,0,0,0,0,2,0,20,0,1,0,0,0,2,0,0,0,0,0,0,5,0,0,0,10,0,2,0,0.5,0,0,8,0,0,0,0,0,0,0,0,1,0,0,0,0,0,0,0,0,0,0,0,0,0,0,0,0,0,0,0,0,0,0,0,0,0,0,0,0,0,0,0,0,0,0,0,0,0,0,0,0,0,0,0,0,0,0,0,0,0,0,0,0,0,0,0,0.5,7,0,0,3,0,0,0,0,0,0,0,0,0,0,0
BC17,reduced_sown,September,N,5,25,0,0,0.1,0,0.5,0,1,16,0,0,0,0,7,0,35,1,0,0,0,0.01,0,0,0,0.5,0,0,0,2,0.1,0,0,0,0,0,0,0,0,0,0,0.1,1,0,0,0,0.5,0,0,3,0.1,0.01,0,0,0,0,0.01,0,3,0,1,0,0,0,0,0,0,0,0,0,0,1,0,0,0,0.5,0,0,0,0,0,0,3,0,0,0,0,0,0,0,0,0,0,0,0,0,0,1,0,0,0,0,0,0,0,0,0,0,0,0,0,0,0.01,0,0,0,0,0,0,0,0,0,0,0,0,0,0,0,0,0,0,0,0,0,0,0,0,0,0,0,0,0,1,0,0,0,0,8,0,0,0,0,0,0,0,0,0,0,0,0,0,0,0
BC17,reduced_sown,September,S,20,7,0.5,0,1,0,3,0,3,8,0,0,1,0,8,0,18,0.5,0,0,0,0.2,0.1,0,0,4,1,0,0,2,0.1,0,0,0,0,0,0,0,0,0,0,5,0,0,0,0,0,0,0,0.5,5,0,0,0,0,0,0.5,0,14,0,5,0,0,0,2,0,0,0,0,0,0,3,0,0,0,15,0,0,0,0,0,0,2,0,0,0,0,0,0,0,0,3,0,0,0,0,0,0,0,0,0,0,0,0,0,0,0,0,0,0,0,0,0,0,0,0,0,0,0,0,0,0,0,0,0,0,0,0,0,0,0,0,0,0,0,0,0,0,0,0,0,0,0,0,0,0,0,2,7,0,0,2,0.5,0,0,0,0,0,0,0,0,0,0
BC18,reduced,July,NW,6,0,0,0,1,30,0.3,0,11,13,0,0,4,0,8,0,15,7,0,0,0,0.001,0.1,0,0,0,0,0,0,0,0,0,0,0,0.1,0,2,0,0,0,0,0,2,0,4,0,0,0,0,0,0,0,0,0,0,0.01,2,0,0,0,0,0,0,0,0,0,0,0,0,0,0,0,0,0,0,0,0,0,0,0,0,0,0,0,0,0,0,0,0,0,0,0,0,0,0,0,0,0,0,0,0,0,0.1,0,0,0,0,0,0,0,0,0,0,0,0,0,0,0,0,0,0,0,0,0,0,0,0,0,0.5,0,0,0,0,0,0,0,0,0,0,0,0,0,0,0,0,0,0,0,0,0,0,0,0,0.1,2,0,0,0,0,0,0,0,0
BC18,reduced,July,SE,0,0,1,3,0,8,0.05,0,2,12,0,0,0,0,3,0,20,0,1,0,0,0,0,0,0,0,0,0,0,0,0,0,0,0,0,0,0,0,0,2,0,0,1,0,0,0,0,0,0,0,0.01,0,0,0,0,0,0,0,0,0,0,0,0,0,2,0,0,0,0,0,0,0,0,0,0,0,0,0,0.001,0,0,0,0,0,0,0,0,0,0,0,0,0.5,0,0,0,0,0,0,0,0,0,0,0,0,0,0,0,0,0,0,0,0,0,0,0,0,0,0,0,0,0,0,0,0,0,0,0,0,0,0,0,0,0,0,0,0,0,0,0,0,0,0,0,0,0,0,0,0,0,0,0,0,0,0,0.5,0,0,0,0,0,0,0,0
BC18,reduced,March,NW,0.5,0,0,0,0.1,7,0.1,0,2,2,0,0,0.5,0,10,0,1,3,0,0,0,0.1,0,0,0,0,0,0,0,0,0.1,0,0,0,1,0,0,0.1,0,0,0,0,0,0,0.01,0,0,0,0,0,0,0,0,0,0,0.1,0,0,0,0,0,0,0,0,0,0,0,0,0,0,0,0,0,0,0,0,0,0,0,0,0,0,0,0,0,0,0,0,0,0,0,0,0,0,0,0,0,0,0,0,0,0,0,0,0,0,0,0,0,0,0,0,0,0,0,0,0,0,0,0,0,0,0,0,0,0.001,0,0,0,0,0,0,0,0,0,0,0,0,0,0,0,0,0,0,0,0,0,0,0,0,0,0,0,0,0,0,0,0,0,0,0,0,0
BC18,reduced,March,SE,0,0,1,0,0,0,0.01,0,1,3,0,0,0,0,2,0,15,0,0.01,0,0,0,0,0,0,0,0,0,0,0,0,0,0,0,5,0,0,0,0,0.1,0,0,0.1,0,0,0,0,0,0,0,0.1,0,0,0,0,0,0.01,0,0,0,0,0,0,0,0.5,0,0,0,0,0,0,0,0,0,0,0,0,0,0,0,0,0,0,0,0,0,0,0,0,0,0,0.5,0,0,0,0,0,0,0,0,0,0,0,0,0,0,0,0,0,0,0,0,0,0,0,0,0,0,0,0,0,0,0,0,0,0,0,0,0,0,0,0,0,0,0,0,0,0,0,0,0,0,0,0,0,0,0,0,0,0,0,0,0,0,0,0.01,0.001,0,0,0,0,0,0
BC18,reduced,May,NW,1,0,0,0,0,7,0.2,0,7,10,0,0,1,0,2,0,7,0,0.2,0,0,0.3,0,0,0,0,0,0,0,15,0,0,0,0,2,0,0,0,0.1,0,0,0,0.7,0,1,0,0,0,0,0,0,0,0,0,0,0.3,0.5,0,0,0,0,0,0,0,0,0,0,0,0,0,0,0,0,0,0,0,0,0,0,0,0,0,0,0,0,0,0,0,0,0,0,0,0,0,0,0,0,0,0,0,0,0,0,0,0,0,0,0,0,0,0,0,0,0,0,0,0,0,0,0,0,0,0,0,0,0,0,0,0,0,0,0,0,0,0,0,0,0,0,0,0,0,0,0,0,0,0,0,0,0,0,0,0,0,0.2,0,0,0.2,0,0,0,0,0
BC18,reduced,May,SE,0,0,3,0.3,0,0.5,0.1,0,1,5,0,0,0,0,3,0,12,0,0.5,0,0,0,0,0,0,0,0,0,0,0,0,0,0,0,0.5,0,0,0,0,0.5,0,0,0.001,0,0,0,0,0,0,0,0.3,0,0,0,0,0,0.01,0,0,0,0,0,0,0,0.2,0,0,0,0,0,0,0,0,0,0,0,0,0,0.5,0,0,0,0,0,0,0,0,0,0,0,0,0.3,0,0,0,0,0,0,0,0,0,0,0,0,0,0,0,0,0,0,0,0,0,0,0,0,0,0,0,0,0,0,0,0,0,0,0,0,0,0,0,0,0,0,0,0,0,0,0,0,0,0,0,0,0,0,0,0,0,0,0,0,0,0,0,0,0.001,0,0,0,0,0,0
BC18,reduced,September,NW,10,0,0,0,0.3,18,2,0,13,7,0,0,3,2,6,0,30,3,0,0,0,0.1,0.1,0,0,0,0,0,0,0,0,0,0,0,3,0,0.2,0,0,0,0,0,1,0,4,0,0,0,0,0,0,0,0,0,0,0.01,0.5,0,0,0,0,0,0,0,0,0,0,0,0,0,0,0,0,0,0,0,0,0,0,0,0,0,0,0,0,0,0,0,0,0,0,0,0,0,0,0,0,0,0,0,0,0,0.1,0,0,0,0,0,0,0,0,0,0,0,0,0,0,0,0,0,0,0,0,0,0,0,0,0,1,0,0,0,0,0,0,0,0,0,0,0,0,0,0,0,0,0,0,0,0,0,0,0,0,0.1,0.5,0,0,0,0,0,0,0,0
BC18,reduced,September,SE,0,0,2,1.5,0,5,0.1,0,2,5,0,0,0,0,3,0,30,0,0.1,0,0,0,0,0,0,0,0,0,0,0.5,0.1,0,0,0,0.5,0,0,0,0,1,0,0,0.5,0,0,0,0,0,0,0,0.3,0,0,0,0,0,0.01,0,0,0,0,0,0,0,2,0,0,0,0,0,0,0,0,0,0,0,0,0,0.01,0,0,0,0,0,0,0,0,0,0,0,0,0.5,0,0,0,0,0,0,0,0,0,0,0,0,0,0,0,0,0,0,0,0,0,0,0,0,0,0,0,0,0,0,0,0,0,0,0,0,0,0,0,0,0,0,0,0,0,0,0,0,0,0,0,0,0,0,0,0,0,0,0,0,0,0,0.1,0,0,0,0,0,0,0,0
BC19,regular,July,NW,0,3,2,0,0.1,0,0,2,2,25,0,0,0,0,2,0.5,15,5,0,0.5,0,0,0,0,0,0,0,0,0,0,0.5,0,0,0,0,0,0,0,0,0,0,0,0,0,0,0,0,0,0,3,0,0,0,0,0,0,0,0,0,0.5,3,0,0,0,0,0,0,0,0,0,0,0,0,0,0,0,0,0,0,0,0,0,0,0,0,0,0,0,0,0,0,0,0,0,0,0,0,0,0,0,0,0,0,0,0,0,0,0,0,0,0,0,0,0,0,0,0,0.5,0,0,0,0,0,0,0,0,0,0,0,0,0,0,0,0,0,0,0,0,0,0,0,0,0,0,0,0,0,0,0,0,0,0,0,0,0,0,0,0,0.1,2,20,0,0
BC19,regular,July,SE,0,0.5,0.5,0,0.5,0,0,0,3,8,0,0,0,0,3,0,5,4,0,0.1,0,0,0,0,0,0,0,0,0,0,0,0,0,0,0,0,0,0,0,0,0,0,0,0,0,0,0,0,0,0,0,0,0,0,0,0,0,0,0,5,0.2,0,0,0,2,0,0,0,0,0,0,0,0,0,0,0,0,0,0,0,0,0,0,0,0,0,0,0,0,0,0,0,0,0,0,0,0,0,0,0,0,0,0,0,0,0,0,0,0,0,0,0,0,0,0,0,0,0,0,0,0,0,0,0,0,0,0,0,0,0,0,0,0,0,0,0,0,0,0,0,0,0,0,0,0,0,0,0,0,0,0,0,0,0,0,0,0,0,0,10,20,0,0
BC19,regular,March,NW,0,1,1,0,0.5,0,0,1,1,2,0,0,0,0,3,0,0.5,0.5,0,0.1,0,0,0,0,0,0,0,0,0,0,0,0,0,0,0,0,0,0,0,0,0,0,0,0,0,0,0,0,0,0.1,0,0,0,0,0,0,0,0,0,1,3,0,0,0,0,0,0,0,0,0,0,0,0,0,0,0,0,0,0,0,0,0,0,0,0,0,0,0,0,0,0,0,0,0,0,0,0,0,0,0,0,0,0,0,0,0,0,0,0,0,0,0,0,0,0,0,0,0,0,0,0,0,0,0,0,0,0,0,0,0,0,0,0,0,0,0,0,0,0,0,0,0,0,0,0,0,0,0,0,0,0,0,0,0,0,0,0,0,0.5,0.1,10,0,0
BC19,regular,March,SE,0,1,1,0,0,0,0,0,1,1,0,0,0,0,2,0,3,0.5,0,0.1,0,0,0,0,0,0,0,0,0,0,0,0,0,0,0,0,0,0,0,0,0,0,0,0,0,0,0,0,0,0,0,0,0,0,0,0,0.1,0,0,2,2,0,0,0,0,0,0,0,0,0,0,0,0,0,0,0,0,0,0,0,0,0,0,0,0,0,0,0,0,0,0,0,0,0,0,0,0,0,0,0,0,0,0,0,0,0,0,0,0,0,0,0,0,0,0,0,0,0,0,0,0,0,0,0,0,0,0,0,0,0,0,0,0,0,0,0,0,0,0,0,0,0,0,0,0,0,0,0,0,0,0,0,0,0,0,0,0,0,0.5,3,8,0,0
BC19,regular,May,NW,0,3,5,0,2,0,0,7,3,20,0,0,0,0,10,0.5,15,5,0,1,0,0,0,0,0,0,0,0,0,0,0.5,0,0,0,0,0,0,0,0,0,0,0,0,0,0,0,0,0,0,5,0,0,0,0,0,0,0.5,0,0,0.1,4,0,0,0,0,0,0,0,0,0,0,0,0,0,0,0,0,0,0,0,0,0,0,0,0,0,0,0,0,0,0,0,0,0,0,0,0,0,0,0,0,0,0,0,0,0,0,0,0,0,0,0,0,0,0,0,0,1,0,0,0,0,0,0,0,0,0,0,0,0,0,0,0,0,0,0,0,0,0,0,0,0,0,0,0,0,0,0,0,0,0,0,0,0,0,0,0,0,8,2,30,0,0
BC19,regular,May,SE,0,5,4,0,0,0,0,0,8,15,0,0,0,0,15,0,25,3,0,1,0,0,0,0,0,0,0,0,0,0,1,0,0,0,0,0,0,0,0,0,0,0,0,0,0,0,0,0,0,0,0,0,0,0,0,0,0.5,0,0,10,2,0,0,0,5,0,0,0,0,0,0,0,0,0,0,0,0,0,0,0,0,0,0,0,0,0,0,0,0,0,0,0,0,0,0,0,0,0,0,0,0,0,0,0,0,0,0,0,0,0,0,0,0,0,0,0,0,0,0,0,0,0,0,0,0,0,0,0,0,0,0,0,0,0,0,0,0,0,0,0,0,0,0,0,0,0,0,0,0,0,0,0,0,0,0,0,0,0,3,8,40,0,0
BC19,regular,September,NW,0,15,3,0,0.1,0,0,3,3,20,0,0,0,0,5,1,3,10,0,0.5,0,0,0,0,0,0,0,0,0,0,0.5,0,0,0,0,0,0,0,0,0,0,0,0,0,0,0,0,0,0,2,0,0,0,0,0,0,0,0,0,0.5,5,0,0,0,0,0,0,0,0,0,0,0,0,0,0,0,0,0,0,0,0,0,0,0,0,0,0,0,0,0,0,0,0,0,0,0,0,0,0,0,0,0,0,0,0,0,0,0,0,0,0,0,0.01,0,0,0,0,0,0,0,0,0,0,0,0,0,0,0,0,0,0,0,0,0,0,0,0,0,0,0,0,0,0,0,0,0,0,0,0,0,0,0,0,0,0,0,0,0,0,3,15,0,0
BC19,regular,September,SE,0,2,1,0,0.1,0,0,0,5,10,0,0,0,0,8,0,10,3,0,0.1,0,0,0,0,0,0,0,0,0,0,0,0,0,0,0,0,0,0,0,0,0,0,0,0,0,0,0,0,0,0,0,0,0,0,0,0,0,0,0,2,2,0,0,0,4,0,0,0,0,0,0,0,0,0,0,0,0,0,0,0,0,0,0,0,0,0,0,0,0,0,0,0,0,0,0,0,0,0,0,0,0,0,0,0,0,0,0,0,0,0,0,0,0,0,0,0,0,0,0,0,0,0,0,0,0,0,0,0,0,0,0,0,0,0,0,0,0,0,0,0,0,0,0,0,0,0,0,0,0,0,0,0,0,0,0,0,0,0,0,12,15,0,0
BC20,regular,July,NW,8,5,0.1,0,0.01,1,0,0,2,5,0,0,0.5,0,7,0,0.1,0,0.01,0,0,0,0.01,0,0,0,0,0,0,0,2,0,0,0,0,0,0,0,0,0,0,0,0.1,0,0,0,0,0,0,0,0.5,0,0,0,0,0,0.01,0,0,0,3,0,0,0,1.5,0,0,0,0,0,0,0,0,0,0.3,0,0,0,0.5,0,0,0,0,0,0,0,0,0,0,0,0,0,0,0,0,0,0,0,0,0,0,0,0,0,0,0,0,0,0,0,0,0,0,0,0,0,0,0,0,0,0,0,0,0,0,0,0,0,0,0,0,0,0,0,0,0,0,0,0,0,0,0,0,0,0,0,0,0,0,0,0,0,0,0,0,0,0,0,0,0,0,0,0
BC20,regular,July,SE,0,5,0,0,0,0,0,0,5,8,0,0,2,0,5,10,20,0,0.01,0.1,0,0,0.2,0,0,0,0,0,0,0,2,0,0,0,0,0,0,0,0,0,0,0,0.5,0,0,0,0,0,0,0,0.2,0,0,0,0,0,0,0,0,0,6,0,0,0,0,0,0,0,0,0,0,0,0,0,0.5,0,0,0,0.01,0,0,0,0,5,0,0,0,0,0,0,0,0,0,0,0,0,0,0,0,0,0,0,0,0,0,0,0,0,0,0,0,0,0,0,0,0,0,0,0,0,0,0,0,0,0,0,0,0,0,0,0,0,0,0,0,0,0,0,0,0.2,0,0,0,0,0,0,0,0,0,0,0,0,0,0,0,0,0,0,0,0,0,0,0
BC20,regular,March,NW,4,3,1,0,1,0,0,0,2,2,0,0,0.5,5,15,0,0,0,1,0.5,0,0.5,0.1,0,0,0,0,0,0,0,2,0,0,0,0,0,0,0.1,0.5,0,0,2,0,0,0,0,0,0,0,0,3,0,0,0,0,0,0.1,0,0,0,8,0,0,0,1,0.1,0,0,0,0,0,0,0,0,2,0,0,0,5,0,0,0,0,0,0,0,0,0,0,0,0,0,0,0,0,0,0,0,0,0,0,0,0,0,0,0,0,0,0,0,0,0,0,0,0,0,0,0,0,0,0,0,0,0,0,0,0,0,0,0,0,0,0,0,0,0,0,0,0,0,0,2,0,0,0.5,0,0,0,0,0,0,0,0,0,0,0,0,0,0,0,0,0,0
BC20,regular,March,SE,0,7,0,0,0.5,0,0,0,3,7,0,0,0.1,2,20,5,15,0,1,1,0,0,0.1,0,0,0,0,0,0,0,0,0,0,0,0,0,0,0.1,0.5,0,0,0,0.5,0,0,0,0,0,0,0,3,0,0,0,0,0,0.5,0,0,0,25,0,0,0,0,0,0,0,0,0,0,0,0,0,0.5,0,0,0,1,0,0,0,0,3,0,0,0,0,0,0,0,0,0,0,0,0,0,0,0,0,0,0,0,0,0,0,0,0,0,0,0,0,0,0,0,0,0,0,0,0,0,0,0,0,0,0,0,0,0,0,0,0,0,0,0,0,0,0,0,0,0,0.5,0,0,0.01,0,0,0,0,0,0,0,0,0,0,0,0,0,0,0,0,0.1,0
BC20,regular,May,NW,15,3,0.5,0,0.2,0,0,0,5,3,0,0,0.5,1,18,0,0.2,0,3,0.1,0.1,0.5,0.01,0,0,0,0,0,0,0,0.1,0,0,0,0,0,0.5,0,0.01,0,0,0.5,0.1,0,0,0,0,0,0,0,1,0,0,0,0,0,0.1,0,0,0,2,0,0,0,0.5,0.1,0,0,0,0,0,0,0,0,3,0,0,0,20,0,0,0,0,0,0,0,0,0,0,0,0,0,0,0,0,0,0,0,0,0,0,0,0,0,0,0,0,0,0,0,0,0,0,0,0,0,0,0,0,0,0,0,0,0,0,0,0,0,0,0,0,0,0,0,0,0,0,0,0,0,0,0,0,0,0,0,0,0,0,0,0,0,0,0,0,0,0,0,0,0,0,0,0
BC20,regular,May,SE,0,10,0,0,0.01,0,0,0,4,10,0,0,2,1,15,5,20,0,1,3,0,0.01,0.5,0,0,0,0,0,0,0,0.5,0,0,0,0,0,0,0,0.1,0,0,0,0,0,0,0,0,0,0,0,0.5,0,0,0,0,0,0.5,0,0,0,8,0,0,0,0,0,0,0,0,0,0,0,0,0,1,0,0,0,3,0,0,0,0,4,0,0,0,0,0,0,0,0,0,0,0,0,0,0,0,0,0,0,0,0,0,0,0,0,0,0,0,0,0,0,0,0,0,0,0,0,0,0,0,0,0,0,0,0,0,0,0,0,0,0,0,0,0,0,0,0.5,0,0,0,0,0,0,0,0,0,0,0,0,0,0,0,0,0,0,0,0,0,0.01,0.5
BC20,regular,September,NW,20,15,1,0,0.1,0.5,0,0,3,10,0,0,1,2,13,0,0.3,0,2,0,0.2,0,0.5,0,0,0,0,0,0,0,0.1,0,0,0,0,0,0,0,0,0,0,0,1,0,0,0,0,0,0,0,0.5,0,0,0,0,0,0,0,0,0,6,0,0,0,0.5,0,0,0,0,0,0,0,0,0,2,0,0,0,0.5,0,0,0,0,0,0,0,0,0,0,0,0,0,0,0,0,0,0,0,0,0,0,0,0,0,0,0,0,0,0,0,0,0,0,0,0,0,0,0,0,0,0,0,0,0,0,0.01,0,0,0,0,0,0,0,0,0,0,0,0,0,0,0,0,0,0,0,0,0,0,0,0,0,0,0,0,0,0,0,0,0,0,0,0,0
BC20,regular,September,SE,0,5,0.1,0,0.1,0,0,0,4,7,0,0,2,0.5,15,13,18,0,3,0,0,0,2,0,0,0,0,0,0,0,0.5,0,0,0,0,0,0,0,0,0,0,0,0.1,0,0,0,0,0,0,0,1,0,0,0,0,0,0,0,0,0,30,0,0,0,0,0,0,0,0,0,0,0,0,0,1,0,0,0,0,0,0,0,0,5,0,0,0,0,0,0,0,0,0,0,0,0,0,0,0,0,0,0,0,0,0,0,0,0,0,0,0,0,0.1,0,0,0,0,0,0,0,0,0,0,0,0,0.1,0,0,0,0,0,0,0,0,0,0,0,0,0,1,0,0,0,0,0,0,0,0,0,0,0,0,0,0,0,0,0,0,0,0,0,0,0.5
